This is pdfTeX, Version 3.141592653-2.6-1.40.25 (TeX Live 2023) (preloaded format=pdflatex 2023.8.29)  17 MAY 2025 23:16
entering extended mode
 restricted \write18 enabled.
 file:line:error style messages enabled.
 %&-line parsing enabled.
**"/Users/aaryan/Desktop/Math Writing/GitMathWriting/Senior Thesis/ThesisNotes.tex"
(/Users/aaryan/Desktop/Math Writing/GitMathWriting/Senior Thesis/ThesisNotes.tex
LaTeX2e <2022-11-01> patch level 1
L3 programming layer <2023-02-22> (/usr/local/texlive/2023/texmf-dist/tex/latex/base/book.cls
Document Class: book 2022/07/02 v1.4n Standard LaTeX document class
(/usr/local/texlive/2023/texmf-dist/tex/latex/base/bk11.clo
File: bk11.clo 2022/07/02 v1.4n Standard LaTeX file (size option)
)
\c@part=\count185
\c@chapter=\count186
\c@section=\count187
\c@subsection=\count188
\c@subsubsection=\count189
\c@paragraph=\count190
\c@subparagraph=\count191
\c@figure=\count192
\c@table=\count193
\abovecaptionskip=\skip48
\belowcaptionskip=\skip49
\bibindent=\dimen140
) (/usr/local/texlive/2023/texmf-dist/tex/latex/xcolor/xcolor.sty
Package: xcolor 2022/06/12 v2.14 LaTeX color extensions (UK)
 (/usr/local/texlive/2023/texmf-dist/tex/latex/graphics-cfg/color.cfg
File: color.cfg 2016/01/02 v1.6 sample color configuration
)
Package xcolor Info: Driver file: pdftex.def on input line 227.
 (/usr/local/texlive/2023/texmf-dist/tex/latex/graphics-def/pdftex.def
File: pdftex.def 2022/09/22 v1.2b Graphics/color driver for pdftex
) (/usr/local/texlive/2023/texmf-dist/tex/latex/graphics/mathcolor.ltx)
Package xcolor Info: Model `cmy' substituted by `cmy0' on input line 1353.
Package xcolor Info: Model `hsb' substituted by `rgb' on input line 1357.
Package xcolor Info: Model `RGB' extended on input line 1369.
Package xcolor Info: Model `HTML' substituted by `rgb' on input line 1371.
Package xcolor Info: Model `Hsb' substituted by `hsb' on input line 1372.
Package xcolor Info: Model `tHsb' substituted by `hsb' on input line 1373.
Package xcolor Info: Model `HSB' substituted by `hsb' on input line 1374.
Package xcolor Info: Model `Gray' substituted by `gray' on input line 1375.
Package xcolor Info: Model `wave' substituted by `hsb' on input line 1376.
 (/usr/local/texlive/2023/texmf-dist/tex/latex/xcolor/x11nam.def
File: x11nam.def 2022/06/12 v2.14 Predefined colors according to Unix/X11 (UK)
)) (/usr/local/texlive/2023/texmf-dist/tex/latex/base/inputenc.sty
Package: inputenc 2021/02/14 v1.3d Input encoding file
\inpenc@prehook=\toks16
\inpenc@posthook=\toks17
) (/usr/local/texlive/2023/texmf-dist/tex/generic/babel/babel.sty
Package: babel 2023/02/13 3.86 The Babel package
\babel@savecnt=\count194
\U@D=\dimen141
\l@unhyphenated=\language87
 (/usr/local/texlive/2023/texmf-dist/tex/generic/babel/txtbabel.def)
\bbl@readstream=\read2
\bbl@dirlevel=\count195
 (/usr/local/texlive/2023/texmf-dist/tex/generic/babel-english/english.ldf
Language: english 2017/06/06 v3.3r English support from the babel system
Package babel Info: Hyphen rules for 'canadian' set to \l@english
(babel)             (\language0). Reported on input line 102.
Package babel Info: Hyphen rules for 'australian' set to \l@ukenglish
(babel)             (\language21). Reported on input line 105.
Package babel Info: Hyphen rules for 'newzealand' set to \l@ukenglish
(babel)             (\language21). Reported on input line 108.
)) (/usr/local/texlive/2023/texmf-dist/tex/generic/babel/locale/en/babel-english.tex
Package babel Info: Importing font and identification data for english
(babel)             from babel-en.ini. Reported on input line 11.
) (/usr/local/texlive/2023/texmf-dist/tex/latex/geometry/geometry.sty
Package: geometry 2020/01/02 v5.9 Page Geometry
 (/usr/local/texlive/2023/texmf-dist/tex/latex/graphics/keyval.sty
Package: keyval 2022/05/29 v1.15 key=value parser (DPC)
\KV@toks@=\toks18
) (/usr/local/texlive/2023/texmf-dist/tex/generic/iftex/ifvtex.sty
Package: ifvtex 2019/10/25 v1.7 ifvtex legacy package. Use iftex instead.
 (/usr/local/texlive/2023/texmf-dist/tex/generic/iftex/iftex.sty
Package: iftex 2022/02/03 v1.0f TeX engine tests
))
\Gm@cnth=\count196
\Gm@cntv=\count197
\c@Gm@tempcnt=\count198
\Gm@bindingoffset=\dimen142
\Gm@wd@mp=\dimen143
\Gm@odd@mp=\dimen144
\Gm@even@mp=\dimen145
\Gm@layoutwidth=\dimen146
\Gm@layoutheight=\dimen147
\Gm@layouthoffset=\dimen148
\Gm@layoutvoffset=\dimen149
\Gm@dimlist=\toks19
) (/usr/local/texlive/2023/texmf-dist/tex/latex/setspace/setspace.sty
Package: setspace 2022/12/04 v6.7b set line spacing
) (/usr/local/texlive/2023/texmf-dist/tex/latex/changepage/changepage.sty
Package: changepage 2009/10/20 v1.0c check page and change page layout
\c@cp@cntr=\count199
\cp@tempcnt=\count266
) (/usr/local/texlive/2023/texmf-dist/tex/latex/import/import.sty
Package: import 2020/04/01  v 6.2
) (/usr/local/texlive/2023/texmf-dist/tex/latex/csquotes/csquotes.sty
Package: csquotes 2022-09-14 v5.2n context-sensitive quotations (JAW)
 (/usr/local/texlive/2023/texmf-dist/tex/latex/etoolbox/etoolbox.sty
Package: etoolbox 2020/10/05 v2.5k e-TeX tools for LaTeX (JAW)
\etb@tempcnta=\count267
)
\csq@reset=\count268
\csq@gtype=\count269
\csq@glevel=\count270
\csq@qlevel=\count271
\csq@maxlvl=\count272
\csq@tshold=\count273
\csq@ltx@everypar=\toks20
 (/usr/local/texlive/2023/texmf-dist/tex/latex/csquotes/csquotes.def
File: csquotes.def 2022-09-14 v5.2n csquotes generic definitions (JAW)
)
Package csquotes Info: Trying to load configuration file 'csquotes.cfg'...
Package csquotes Info: ... configuration file loaded successfully.
 (/usr/local/texlive/2023/texmf-dist/tex/latex/csquotes/csquotes.cfg
File: csquotes.cfg 
)) (/usr/local/texlive/2023/texmf-dist/tex/latex/biblatex/biblatex.sty
Package: biblatex 2023/03/05 v3.19 programmable bibliographies (PK/MW)
 (/usr/local/texlive/2023/texmf-dist/tex/generic/pdftexcmds/pdftexcmds.sty
Package: pdftexcmds 2020-06-27 v0.33 Utility functions of pdfTeX for LuaTeX (HO)
 (/usr/local/texlive/2023/texmf-dist/tex/generic/infwarerr/infwarerr.sty
Package: infwarerr 2019/12/03 v1.5 Providing info/warning/error messages (HO)
) (/usr/local/texlive/2023/texmf-dist/tex/generic/ltxcmds/ltxcmds.sty
Package: ltxcmds 2020-05-10 v1.25 LaTeX kernel commands for general use (HO)
)
Package pdftexcmds Info: \pdf@primitive is available.
Package pdftexcmds Info: \pdf@ifprimitive is available.
Package pdftexcmds Info: \pdfdraftmode found.
) (/usr/local/texlive/2023/texmf-dist/tex/latex/kvoptions/kvoptions.sty
Package: kvoptions 2022-06-15 v3.15 Key value format for package options (HO)
 (/usr/local/texlive/2023/texmf-dist/tex/latex/kvsetkeys/kvsetkeys.sty
Package: kvsetkeys 2022-10-05 v1.19 Key value parser (HO)
)) (/usr/local/texlive/2023/texmf-dist/tex/latex/logreq/logreq.sty
Package: logreq 2010/08/04 v1.0 xml request logger
\lrq@indent=\count274
 (/usr/local/texlive/2023/texmf-dist/tex/latex/logreq/logreq.def
File: logreq.def 2010/08/04 v1.0 logreq spec v1.0
)) (/usr/local/texlive/2023/texmf-dist/tex/latex/base/ifthen.sty
Package: ifthen 2022/04/13 v1.1d Standard LaTeX ifthen package (DPC)
) (/usr/local/texlive/2023/texmf-dist/tex/latex/url/url.sty
\Urlmuskip=\muskip16
Package: url 2013/09/16  ver 3.4  Verb mode for urls, etc.
)
\c@tabx@nest=\count275
\c@listtotal=\count276
\c@listcount=\count277
\c@liststart=\count278
\c@liststop=\count279
\c@citecount=\count280
\c@citetotal=\count281
\c@multicitecount=\count282
\c@multicitetotal=\count283
\c@instcount=\count284
\c@maxnames=\count285
\c@minnames=\count286
\c@maxitems=\count287
\c@minitems=\count288
\c@citecounter=\count289
\c@maxcitecounter=\count290
\c@savedcitecounter=\count291
\c@uniquelist=\count292
\c@uniquename=\count293
\c@refsection=\count294
\c@refsegment=\count295
\c@maxextratitle=\count296
\c@maxextratitleyear=\count297
\c@maxextraname=\count298
\c@maxextradate=\count299
\c@maxextraalpha=\count300
\c@abbrvpenalty=\count301
\c@highnamepenalty=\count302
\c@lownamepenalty=\count303
\c@maxparens=\count304
\c@parenlevel=\count305
\blx@tempcnta=\count306
\blx@tempcntb=\count307
\blx@tempcntc=\count308
\c@blx@maxsection=\count309
\blx@maxsegment@0=\count310
\blx@notetype=\count311
\blx@parenlevel@text=\count312
\blx@parenlevel@foot=\count313
\blx@sectionciteorder@0=\count314
\blx@sectionciteorderinternal@0=\count315
\blx@entrysetcounter=\count316
\blx@biblioinstance=\count317
\labelnumberwidth=\skip50
\labelalphawidth=\skip51
\biblabelsep=\skip52
\bibitemsep=\skip53
\bibnamesep=\skip54
\bibinitsep=\skip55
\bibparsep=\skip56
\bibhang=\skip57
\blx@bcfin=\read3
\blx@bcfout=\write3
\blx@langwohyphens=\language88
\c@mincomprange=\count318
\c@maxcomprange=\count319
\c@mincompwidth=\count320
Package biblatex Info: Trying to load biblatex default data model...
Package biblatex Info: ... file 'blx-dm.def' found.
 (/usr/local/texlive/2023/texmf-dist/tex/latex/biblatex/blx-dm.def
File: blx-dm.def 2023/03/05 v3.19 biblatex localization (PK/MW)
)
Package biblatex Info: Trying to load biblatex style data model...
Package biblatex Info: ... file 'alphabetic.dbx' not found.
Package biblatex Info: Trying to load biblatex custom data model...
Package biblatex Info: ... file 'biblatex-dm.cfg' not found.
\c@afterword=\count321
\c@savedafterword=\count322
\c@annotator=\count323
\c@savedannotator=\count324
\c@author=\count325
\c@savedauthor=\count326
\c@bookauthor=\count327
\c@savedbookauthor=\count328
\c@commentator=\count329
\c@savedcommentator=\count330
\c@editor=\count331
\c@savededitor=\count332
\c@editora=\count333
\c@savededitora=\count334
\c@editorb=\count335
\c@savededitorb=\count336
\c@editorc=\count337
\c@savededitorc=\count338
\c@foreword=\count339
\c@savedforeword=\count340
\c@holder=\count341
\c@savedholder=\count342
\c@introduction=\count343
\c@savedintroduction=\count344
\c@namea=\count345
\c@savednamea=\count346
\c@nameb=\count347
\c@savednameb=\count348
\c@namec=\count349
\c@savednamec=\count350
\c@translator=\count351
\c@savedtranslator=\count352
\c@shortauthor=\count353
\c@savedshortauthor=\count354
\c@shorteditor=\count355
\c@savedshorteditor=\count356
\c@labelname=\count357
\c@savedlabelname=\count358
\c@institution=\count359
\c@savedinstitution=\count360
\c@lista=\count361
\c@savedlista=\count362
\c@listb=\count363
\c@savedlistb=\count364
\c@listc=\count365
\c@savedlistc=\count366
\c@listd=\count367
\c@savedlistd=\count368
\c@liste=\count369
\c@savedliste=\count370
\c@listf=\count371
\c@savedlistf=\count372
\c@location=\count373
\c@savedlocation=\count374
\c@organization=\count375
\c@savedorganization=\count376
\c@origlocation=\count377
\c@savedoriglocation=\count378
\c@origpublisher=\count379
\c@savedorigpublisher=\count380
\c@publisher=\count381
\c@savedpublisher=\count382
\c@language=\count383
\c@savedlanguage=\count384
\c@origlanguage=\count385
\c@savedoriglanguage=\count386
\c@pageref=\count387
\c@savedpageref=\count388
\shorthandwidth=\skip58
\shortjournalwidth=\skip59
\shortserieswidth=\skip60
\shorttitlewidth=\skip61
\shortauthorwidth=\skip62
\shorteditorwidth=\skip63
\locallabelnumberwidth=\skip64
\locallabelalphawidth=\skip65
\localshorthandwidth=\skip66
\localshortjournalwidth=\skip67
\localshortserieswidth=\skip68
\localshorttitlewidth=\skip69
\localshortauthorwidth=\skip70
\localshorteditorwidth=\skip71
Package biblatex Info: Trying to load compatibility code...
Package biblatex Info: ... file 'blx-compat.def' found.
 (/usr/local/texlive/2023/texmf-dist/tex/latex/biblatex/blx-compat.def
File: blx-compat.def 2023/03/05 v3.19 biblatex compatibility (PK/MW)
)
Package biblatex Info: Trying to load generic definitions...
Package biblatex Info: ... file 'biblatex.def' found.
 (/usr/local/texlive/2023/texmf-dist/tex/latex/biblatex/biblatex.def
File: biblatex.def 2023/03/05 v3.19 biblatex compatibility (PK/MW)
\c@textcitecount=\count389
\c@textcitetotal=\count390
\c@textcitemaxnames=\count391
\c@biburlbigbreakpenalty=\count392
\c@biburlbreakpenalty=\count393
\c@biburlnumpenalty=\count394
\c@biburlucpenalty=\count395
\c@biburllcpenalty=\count396
\biburlbigskip=\muskip17
\biburlnumskip=\muskip18
\biburlucskip=\muskip19
\biburllcskip=\muskip20
\c@smartand=\count397
)
Package biblatex Info: Trying to load bibliography style 'alphabetic'...
Package biblatex Info: ... file 'alphabetic.bbx' found.
 (/usr/local/texlive/2023/texmf-dist/tex/latex/biblatex/bbx/alphabetic.bbx
File: alphabetic.bbx 2023/03/05 v3.19 biblatex bibliography style (PK/MW)
Package biblatex Info: Trying to load bibliography style 'standard'...
Package biblatex Info: ... file 'standard.bbx' found.
 (/usr/local/texlive/2023/texmf-dist/tex/latex/biblatex/bbx/standard.bbx
File: standard.bbx 2023/03/05 v3.19 biblatex bibliography style (PK/MW)
\c@bbx:relatedcount=\count398
\c@bbx:relatedtotal=\count399
))
Package biblatex Info: Trying to load citation style 'alphabetic'...
Package biblatex Info: ... file 'alphabetic.cbx' found.
 (/usr/local/texlive/2023/texmf-dist/tex/latex/biblatex/cbx/alphabetic.cbx
File: alphabetic.cbx 2023/03/05 v3.19 biblatex citation style (PK/MW)
Package biblatex Info: Redefining '\cite'.
Package biblatex Info: Redefining '\parencite'.
Package biblatex Info: Redefining '\footcite'.
Package biblatex Info: Redefining '\footcitetext'.
Package biblatex Info: Redefining '\smartcite'.
Package biblatex Info: Redefining '\textcite'.
Package biblatex Info: Redefining '\textcites'.
Package biblatex Info: Redefining '\cites'.
Package biblatex Info: Redefining '\parencites'.
Package biblatex Info: Redefining '\smartcites'.
)
Package biblatex Info: Trying to load configuration file...
Package biblatex Info: ... file 'biblatex.cfg' found.
 (/usr/local/texlive/2023/texmf-dist/tex/latex/biblatex/biblatex.cfg
File: biblatex.cfg 
)
Package biblatex Info: Input encoding 'utf8' detected.
Package biblatex Info: Document encoding is UTF8 ....
 (/usr/local/texlive/2023/texmf-dist/tex/latex/l3kernel/expl3.sty
Package: expl3 2023-02-22 L3 programming layer (loader) 
 (/usr/local/texlive/2023/texmf-dist/tex/latex/l3backend/l3backend-pdftex.def
File: l3backend-pdftex.def 2023-01-16 L3 backend support: PDF output (pdfTeX)
\l__color_backend_stack_int=\count400
\l__pdf_internal_box=\box51
))
Package biblatex Info: ... and expl3
(biblatex)             2023-02-22 L3 programming layer (loader) 
(biblatex)             is new enough (at least 2020/04/06),
(biblatex)             setting 'casechanger=expl3'.
 (/usr/local/texlive/2023/texmf-dist/tex/latex/biblatex/blx-case-expl3.sty (/usr/local/texlive/2023/texmf-dist/tex/latex/l3packages/xparse/xparse.sty
Package: xparse 2023-02-02 L3 Experimental document command parser
)
Package: blx-case-expl3 2023/03/05 v3.19 expl3 case changing code for biblatex
)) (/usr/local/texlive/2023/texmf-dist/tex/latex/multirow/multirow.sty
Package: multirow 2021/03/15 v2.8 Span multiple rows of a table
\multirow@colwidth=\skip72
\multirow@cntb=\count401
\multirow@dima=\skip73
\bigstrutjot=\dimen150
) (/usr/local/texlive/2023/texmf-dist/tex/latex/booktabs/booktabs.sty
Package: booktabs 2020/01/12 v1.61803398 Publication quality tables
\heavyrulewidth=\dimen151
\lightrulewidth=\dimen152
\cmidrulewidth=\dimen153
\belowrulesep=\dimen154
\belowbottomsep=\dimen155
\aboverulesep=\dimen156
\abovetopsep=\dimen157
\cmidrulesep=\dimen158
\cmidrulekern=\dimen159
\defaultaddspace=\dimen160
\@cmidla=\count402
\@cmidlb=\count403
\@aboverulesep=\dimen161
\@belowrulesep=\dimen162
\@thisruleclass=\count404
\@lastruleclass=\count405
\@thisrulewidth=\dimen163
) (/usr/local/texlive/2023/texmf-dist/tex/latex/caption/caption.sty
Package: caption 2023/03/12 v3.6j Customizing captions (AR)
 (/usr/local/texlive/2023/texmf-dist/tex/latex/caption/caption3.sty
Package: caption3 2023/03/12 v2.4 caption3 kernel (AR)
\caption@tempdima=\dimen164
\captionmargin=\dimen165
\caption@leftmargin=\dimen166
\caption@rightmargin=\dimen167
\caption@width=\dimen168
\caption@indent=\dimen169
\caption@parindent=\dimen170
\caption@hangindent=\dimen171
Package caption Info: Standard document class detected.
)
\c@caption@flags=\count406
\c@continuedfloat=\count407
Package caption Info: changepage package is loaded.
\caption@adjustwidth@hsize=\dimen172
\caption@adjustwidth@linewidth=\dimen173
) (/usr/local/texlive/2023/texmf-dist/tex/latex/fancyhdr/fancyhdr.sty
Package: fancyhdr 2022/11/09 v4.1 Extensive control of page headers and footers
\f@nch@headwidth=\skip74
\f@nch@O@elh=\skip75
\f@nch@O@erh=\skip76
\f@nch@O@olh=\skip77
\f@nch@O@orh=\skip78
\f@nch@O@elf=\skip79
\f@nch@O@erf=\skip80
\f@nch@O@olf=\skip81
\f@nch@O@orf=\skip82
) (/usr/local/texlive/2023/texmf-dist/tex/latex/amscls/amsthm.sty
Package: amsthm 2020/05/29 v2.20.6
\thm@style=\toks21
\thm@bodyfont=\toks22
\thm@headfont=\toks23
\thm@notefont=\toks24
\thm@headpunct=\toks25
\thm@preskip=\skip83
\thm@postskip=\skip84
\thm@headsep=\skip85
\dth@everypar=\toks26
) (/usr/local/texlive/2023/texmf-dist/tex/latex/amsfonts/amssymb.sty
Package: amssymb 2013/01/14 v3.01 AMS font symbols
 (/usr/local/texlive/2023/texmf-dist/tex/latex/amsfonts/amsfonts.sty
Package: amsfonts 2013/01/14 v3.01 Basic AMSFonts support
\@emptytoks=\toks27
\symAMSa=\mathgroup4
\symAMSb=\mathgroup5
LaTeX Font Info:    Redeclaring math symbol \hbar on input line 98.
LaTeX Font Info:    Overwriting math alphabet `\mathfrak' in version `bold'
(Font)                  U/euf/m/n --> U/euf/b/n on input line 106.
)) (/usr/local/texlive/2023/texmf-dist/tex/latex/amsmath/amsmath.sty
Package: amsmath 2022/04/08 v2.17n AMS math features
\@mathmargin=\skip86

For additional information on amsmath, use the `?' option.
(/usr/local/texlive/2023/texmf-dist/tex/latex/amsmath/amstext.sty
Package: amstext 2021/08/26 v2.01 AMS text
 (/usr/local/texlive/2023/texmf-dist/tex/latex/amsmath/amsgen.sty
File: amsgen.sty 1999/11/30 v2.0 generic functions
\@emptytoks=\toks28
\ex@=\dimen174
)) (/usr/local/texlive/2023/texmf-dist/tex/latex/amsmath/amsbsy.sty
Package: amsbsy 1999/11/29 v1.2d Bold Symbols
\pmbraise@=\dimen175
) (/usr/local/texlive/2023/texmf-dist/tex/latex/amsmath/amsopn.sty
Package: amsopn 2022/04/08 v2.04 operator names
)
\inf@bad=\count408
LaTeX Info: Redefining \frac on input line 234.
\uproot@=\count409
\leftroot@=\count410
LaTeX Info: Redefining \overline on input line 399.
LaTeX Info: Redefining \colon on input line 410.
\classnum@=\count411
\DOTSCASE@=\count412
LaTeX Info: Redefining \ldots on input line 496.
LaTeX Info: Redefining \dots on input line 499.
LaTeX Info: Redefining \cdots on input line 620.
\Mathstrutbox@=\box52
\strutbox@=\box53
LaTeX Info: Redefining \big on input line 722.
LaTeX Info: Redefining \Big on input line 723.
LaTeX Info: Redefining \bigg on input line 724.
LaTeX Info: Redefining \Bigg on input line 725.
\big@size=\dimen176
LaTeX Font Info:    Redeclaring font encoding OML on input line 743.
LaTeX Font Info:    Redeclaring font encoding OMS on input line 744.
\macc@depth=\count413
LaTeX Info: Redefining \bmod on input line 905.
LaTeX Info: Redefining \pmod on input line 910.
LaTeX Info: Redefining \smash on input line 940.
LaTeX Info: Redefining \relbar on input line 970.
LaTeX Info: Redefining \Relbar on input line 971.
\c@MaxMatrixCols=\count414
\dotsspace@=\muskip21
\c@parentequation=\count415
\dspbrk@lvl=\count416
\tag@help=\toks29
\row@=\count417
\column@=\count418
\maxfields@=\count419
\andhelp@=\toks30
\eqnshift@=\dimen177
\alignsep@=\dimen178
\tagshift@=\dimen179
\tagwidth@=\dimen180
\totwidth@=\dimen181
\lineht@=\dimen182
\@envbody=\toks31
\multlinegap=\skip87
\multlinetaggap=\skip88
\mathdisplay@stack=\toks32
LaTeX Info: Redefining \[ on input line 2953.
LaTeX Info: Redefining \] on input line 2954.
) (/usr/local/texlive/2023/texmf-dist/tex/latex/oberdiek/centernot.sty
Package: centernot 2016/05/16 v1.4 Centers the not symbol horizontally (HO)
) (/usr/local/texlive/2023/texmf-dist/tex/latex/graphics/graphicx.sty
Package: graphicx 2021/09/16 v1.2d Enhanced LaTeX Graphics (DPC,SPQR)
 (/usr/local/texlive/2023/texmf-dist/tex/latex/graphics/graphics.sty
Package: graphics 2022/03/10 v1.4e Standard LaTeX Graphics (DPC,SPQR)
 (/usr/local/texlive/2023/texmf-dist/tex/latex/graphics/trig.sty
Package: trig 2021/08/11 v1.11 sin cos tan (DPC)
) (/usr/local/texlive/2023/texmf-dist/tex/latex/graphics-cfg/graphics.cfg
File: graphics.cfg 2016/06/04 v1.11 sample graphics configuration
)
Package graphics Info: Driver file: pdftex.def on input line 107.
)
\Gin@req@height=\dimen183
\Gin@req@width=\dimen184
) (/usr/local/texlive/2023/texmf-dist/tex/latex/thmtools/thmtools.sty
Package: thmtools 2023/02/17 v0.75
\thmt@toks=\toks33
\c@thmt@dummyctr=\count420
 (/usr/local/texlive/2023/texmf-dist/tex/latex/thmtools/thm-patch.sty
Package: thm-patch 2023/02/17 v0.75
 (/usr/local/texlive/2023/texmf-dist/tex/latex/thmtools/parseargs.sty
Package: parseargs 2023/02/17 v0.75
\@parsespec=\toks34
)) (/usr/local/texlive/2023/texmf-dist/tex/latex/thmtools/thm-kv.sty
Package: thm-kv 2023/02/17 v0.75
Package thm-kv Info: Theorem names will be uppercased on input line 42.
Package thm-kv Info: kvsetkeys patch (v1.16 or later) on input line 158.
) (/usr/local/texlive/2023/texmf-dist/tex/latex/thmtools/thm-autoref.sty
Package: thm-autoref 2023/02/17 v0.75
 (/usr/local/texlive/2023/texmf-dist/tex/latex/thmtools/aliasctr.sty
Package: aliasctr 2023/02/17 v0.75
)) (/usr/local/texlive/2023/texmf-dist/tex/latex/thmtools/thm-listof.sty
Package: thm-listof 2023/02/17 v0.75
) (/usr/local/texlive/2023/texmf-dist/tex/latex/thmtools/thm-restate.sty
Package: thm-restate 2023/02/17 v0.75
) (/usr/local/texlive/2023/texmf-dist/tex/latex/thmtools/thm-amsthm.sty
Package: thm-amsthm 2023/02/17 v0.75
\thmt@style@headstyle=\toks35
)) (/usr/local/texlive/2023/texmf-dist/tex/latex/stmaryrd/stmaryrd.sty
Package: stmaryrd 1994/03/03 St Mary's Road symbol package
\symstmry=\mathgroup6
LaTeX Font Info:    Overwriting symbol font `stmry' in version `bold'
(Font)                  U/stmry/m/n --> U/stmry/b/n on input line 89.
) (/usr/local/texlive/2023/texmf-dist/tex/latex/enumitem/enumitem.sty
Package: enumitem 2019/06/20 v3.9 Customized lists
\labelindent=\skip89
\enit@outerparindent=\dimen185
\enit@toks=\toks36
\enit@inbox=\box54
\enit@count@id=\count421
\enitdp@description=\count422
) (/usr/local/texlive/2023/texmf-dist/tex/latex/fundus-calligra/calligra.sty
Package: calligra 2012/04/10 v1.9 LaTeX package calligra
) (/usr/local/texlive/2023/texmf-dist/tex/latex/jknapltx/mathrsfs.sty
Package: mathrsfs 1996/01/01 Math RSFS package v1.0 (jk)
\symrsfs=\mathgroup7
) (/usr/local/texlive/2023/texmf-dist/tex/latex/lm/lmodern.sty
Package: lmodern 2015/05/01 v1.6.1 Latin Modern Fonts
LaTeX Font Info:    Overwriting symbol font `operators' in version `normal'
(Font)                  OT1/cmr/m/n --> OT1/lmr/m/n on input line 22.
LaTeX Font Info:    Overwriting symbol font `letters' in version `normal'
(Font)                  OML/cmm/m/it --> OML/lmm/m/it on input line 23.
LaTeX Font Info:    Overwriting symbol font `symbols' in version `normal'
(Font)                  OMS/cmsy/m/n --> OMS/lmsy/m/n on input line 24.
LaTeX Font Info:    Overwriting symbol font `largesymbols' in version `normal'
(Font)                  OMX/cmex/m/n --> OMX/lmex/m/n on input line 25.
LaTeX Font Info:    Overwriting symbol font `operators' in version `bold'
(Font)                  OT1/cmr/bx/n --> OT1/lmr/bx/n on input line 26.
LaTeX Font Info:    Overwriting symbol font `letters' in version `bold'
(Font)                  OML/cmm/b/it --> OML/lmm/b/it on input line 27.
LaTeX Font Info:    Overwriting symbol font `symbols' in version `bold'
(Font)                  OMS/cmsy/b/n --> OMS/lmsy/b/n on input line 28.
LaTeX Font Info:    Overwriting symbol font `largesymbols' in version `bold'
(Font)                  OMX/cmex/m/n --> OMX/lmex/m/n on input line 29.
LaTeX Font Info:    Overwriting math alphabet `\mathbf' in version `normal'
(Font)                  OT1/cmr/bx/n --> OT1/lmr/bx/n on input line 31.
LaTeX Font Info:    Overwriting math alphabet `\mathsf' in version `normal'
(Font)                  OT1/cmss/m/n --> OT1/lmss/m/n on input line 32.
LaTeX Font Info:    Overwriting math alphabet `\mathit' in version `normal'
(Font)                  OT1/cmr/m/it --> OT1/lmr/m/it on input line 33.
LaTeX Font Info:    Overwriting math alphabet `\mathtt' in version `normal'
(Font)                  OT1/cmtt/m/n --> OT1/lmtt/m/n on input line 34.
LaTeX Font Info:    Overwriting math alphabet `\mathbf' in version `bold'
(Font)                  OT1/cmr/bx/n --> OT1/lmr/bx/n on input line 35.
LaTeX Font Info:    Overwriting math alphabet `\mathsf' in version `bold'
(Font)                  OT1/cmss/bx/n --> OT1/lmss/bx/n on input line 36.
LaTeX Font Info:    Overwriting math alphabet `\mathit' in version `bold'
(Font)                  OT1/cmr/bx/it --> OT1/lmr/bx/it on input line 37.
LaTeX Font Info:    Overwriting math alphabet `\mathtt' in version `bold'
(Font)                  OT1/cmtt/m/n --> OT1/lmtt/m/n on input line 38.
) (/usr/local/texlive/2023/texmf-dist/tex/latex/base/fontenc.sty
Package: fontenc 2021/04/29 v2.0v Standard LaTeX package
 (/usr/local/texlive/2023/texmf-dist/tex/latex/cyrillic/t2aenc.def
File: t2aenc.def 2022/06/11 v1.0j Cyrillic encoding definition file
Now handling font encoding T2A ...
... processing UTF-8 mapping file for font encoding T2A
 (/usr/local/texlive/2023/texmf-dist/tex/latex/base/t2aenc.dfu
File: t2aenc.dfu 2022/06/07 v1.3c UTF-8 support
   defining Unicode char U+00A4 (decimal 164)
   defining Unicode char U+00A7 (decimal 167)
   defining Unicode char U+00AB (decimal 171)
   defining Unicode char U+00BB (decimal 187)
   defining Unicode char U+0131 (decimal 305)
   defining Unicode char U+0237 (decimal 567)
   defining Unicode char U+0400 (decimal 1024)
   defining Unicode char U+0401 (decimal 1025)
   defining Unicode char U+0402 (decimal 1026)
   defining Unicode char U+0403 (decimal 1027)
   defining Unicode char U+0404 (decimal 1028)
   defining Unicode char U+0405 (decimal 1029)
   defining Unicode char U+0406 (decimal 1030)
   defining Unicode char U+0407 (decimal 1031)
   defining Unicode char U+0408 (decimal 1032)
   defining Unicode char U+0409 (decimal 1033)
   defining Unicode char U+040A (decimal 1034)
   defining Unicode char U+040B (decimal 1035)
   defining Unicode char U+040C (decimal 1036)
   defining Unicode char U+040D (decimal 1037)
   defining Unicode char U+040E (decimal 1038)
   defining Unicode char U+040F (decimal 1039)
   defining Unicode char U+0410 (decimal 1040)
   defining Unicode char U+0411 (decimal 1041)
   defining Unicode char U+0412 (decimal 1042)
   defining Unicode char U+0413 (decimal 1043)
   defining Unicode char U+0414 (decimal 1044)
   defining Unicode char U+0415 (decimal 1045)
   defining Unicode char U+0416 (decimal 1046)
   defining Unicode char U+0417 (decimal 1047)
   defining Unicode char U+0418 (decimal 1048)
   defining Unicode char U+0419 (decimal 1049)
   defining Unicode char U+041A (decimal 1050)
   defining Unicode char U+041B (decimal 1051)
   defining Unicode char U+041C (decimal 1052)
   defining Unicode char U+041D (decimal 1053)
   defining Unicode char U+041E (decimal 1054)
   defining Unicode char U+041F (decimal 1055)
   defining Unicode char U+0420 (decimal 1056)
   defining Unicode char U+0421 (decimal 1057)
   defining Unicode char U+0422 (decimal 1058)
   defining Unicode char U+0423 (decimal 1059)
   defining Unicode char U+0424 (decimal 1060)
   defining Unicode char U+0425 (decimal 1061)
   defining Unicode char U+0426 (decimal 1062)
   defining Unicode char U+0427 (decimal 1063)
   defining Unicode char U+0428 (decimal 1064)
   defining Unicode char U+0429 (decimal 1065)
   defining Unicode char U+042A (decimal 1066)
   defining Unicode char U+042B (decimal 1067)
   defining Unicode char U+042C (decimal 1068)
   defining Unicode char U+042D (decimal 1069)
   defining Unicode char U+042E (decimal 1070)
   defining Unicode char U+042F (decimal 1071)
   defining Unicode char U+0430 (decimal 1072)
   defining Unicode char U+0431 (decimal 1073)
   defining Unicode char U+0432 (decimal 1074)
   defining Unicode char U+0433 (decimal 1075)
   defining Unicode char U+0434 (decimal 1076)
   defining Unicode char U+0435 (decimal 1077)
   defining Unicode char U+0436 (decimal 1078)
   defining Unicode char U+0437 (decimal 1079)
   defining Unicode char U+0438 (decimal 1080)
   defining Unicode char U+0439 (decimal 1081)
   defining Unicode char U+043A (decimal 1082)
   defining Unicode char U+043B (decimal 1083)
   defining Unicode char U+043C (decimal 1084)
   defining Unicode char U+043D (decimal 1085)
   defining Unicode char U+043E (decimal 1086)
   defining Unicode char U+043F (decimal 1087)
   defining Unicode char U+0440 (decimal 1088)
   defining Unicode char U+0441 (decimal 1089)
   defining Unicode char U+0442 (decimal 1090)
   defining Unicode char U+0443 (decimal 1091)
   defining Unicode char U+0444 (decimal 1092)
   defining Unicode char U+0445 (decimal 1093)
   defining Unicode char U+0446 (decimal 1094)
   defining Unicode char U+0447 (decimal 1095)
   defining Unicode char U+0448 (decimal 1096)
   defining Unicode char U+0449 (decimal 1097)
   defining Unicode char U+044A (decimal 1098)
   defining Unicode char U+044B (decimal 1099)
   defining Unicode char U+044C (decimal 1100)
   defining Unicode char U+044D (decimal 1101)
   defining Unicode char U+044E (decimal 1102)
   defining Unicode char U+044F (decimal 1103)
   defining Unicode char U+0450 (decimal 1104)
   defining Unicode char U+0451 (decimal 1105)
   defining Unicode char U+0452 (decimal 1106)
   defining Unicode char U+0453 (decimal 1107)
   defining Unicode char U+0454 (decimal 1108)
   defining Unicode char U+0455 (decimal 1109)
   defining Unicode char U+0456 (decimal 1110)
   defining Unicode char U+0457 (decimal 1111)
   defining Unicode char U+0458 (decimal 1112)
   defining Unicode char U+0459 (decimal 1113)
   defining Unicode char U+045A (decimal 1114)
   defining Unicode char U+045B (decimal 1115)
   defining Unicode char U+045C (decimal 1116)
   defining Unicode char U+045D (decimal 1117)
   defining Unicode char U+045E (decimal 1118)
   defining Unicode char U+045F (decimal 1119)
   defining Unicode char U+0490 (decimal 1168)
   defining Unicode char U+0491 (decimal 1169)
   defining Unicode char U+0492 (decimal 1170)
   defining Unicode char U+0493 (decimal 1171)
   defining Unicode char U+0496 (decimal 1174)
   defining Unicode char U+0497 (decimal 1175)
   defining Unicode char U+0498 (decimal 1176)
   defining Unicode char U+0499 (decimal 1177)
   defining Unicode char U+049A (decimal 1178)
   defining Unicode char U+049B (decimal 1179)
   defining Unicode char U+049C (decimal 1180)
   defining Unicode char U+049D (decimal 1181)
   defining Unicode char U+04A0 (decimal 1184)
   defining Unicode char U+04A1 (decimal 1185)
   defining Unicode char U+04A2 (decimal 1186)
   defining Unicode char U+04A3 (decimal 1187)
   defining Unicode char U+04A4 (decimal 1188)
   defining Unicode char U+04A5 (decimal 1189)
   defining Unicode char U+04AA (decimal 1194)
   defining Unicode char U+04AB (decimal 1195)
   defining Unicode char U+04AE (decimal 1198)
   defining Unicode char U+04AF (decimal 1199)
   defining Unicode char U+04B0 (decimal 1200)
   defining Unicode char U+04B1 (decimal 1201)
   defining Unicode char U+04B2 (decimal 1202)
   defining Unicode char U+04B3 (decimal 1203)
   defining Unicode char U+04B6 (decimal 1206)
   defining Unicode char U+04B7 (decimal 1207)
   defining Unicode char U+04B8 (decimal 1208)
   defining Unicode char U+04B9 (decimal 1209)
   defining Unicode char U+04BA (decimal 1210)
   defining Unicode char U+04BB (decimal 1211)
   defining Unicode char U+04C0 (decimal 1216)
   defining Unicode char U+04C1 (decimal 1217)
   defining Unicode char U+04C2 (decimal 1218)
   defining Unicode char U+04D0 (decimal 1232)
   defining Unicode char U+04D1 (decimal 1233)
   defining Unicode char U+04D2 (decimal 1234)
   defining Unicode char U+04D3 (decimal 1235)
   defining Unicode char U+04D4 (decimal 1236)
   defining Unicode char U+04D5 (decimal 1237)
   defining Unicode char U+04D6 (decimal 1238)
   defining Unicode char U+04D7 (decimal 1239)
   defining Unicode char U+04D8 (decimal 1240)
   defining Unicode char U+04D9 (decimal 1241)
   defining Unicode char U+04DA (decimal 1242)
   defining Unicode char U+04DB (decimal 1243)
   defining Unicode char U+04DC (decimal 1244)
   defining Unicode char U+04DD (decimal 1245)
   defining Unicode char U+04DE (decimal 1246)
   defining Unicode char U+04DF (decimal 1247)
   defining Unicode char U+04E2 (decimal 1250)
   defining Unicode char U+04E3 (decimal 1251)
   defining Unicode char U+04E4 (decimal 1252)
   defining Unicode char U+04E5 (decimal 1253)
   defining Unicode char U+04E6 (decimal 1254)
   defining Unicode char U+04E7 (decimal 1255)
   defining Unicode char U+04E8 (decimal 1256)
   defining Unicode char U+04E9 (decimal 1257)
   defining Unicode char U+04EC (decimal 1260)
   defining Unicode char U+04ED (decimal 1261)
   defining Unicode char U+04EE (decimal 1262)
   defining Unicode char U+04EF (decimal 1263)
   defining Unicode char U+04F0 (decimal 1264)
   defining Unicode char U+04F1 (decimal 1265)
   defining Unicode char U+04F2 (decimal 1266)
   defining Unicode char U+04F3 (decimal 1267)
   defining Unicode char U+04F4 (decimal 1268)
   defining Unicode char U+04F5 (decimal 1269)
   defining Unicode char U+04F8 (decimal 1272)
   defining Unicode char U+04F9 (decimal 1273)
   defining Unicode char U+200C (decimal 8204)
   defining Unicode char U+2013 (decimal 8211)
   defining Unicode char U+2014 (decimal 8212)
   defining Unicode char U+2018 (decimal 8216)
   defining Unicode char U+2019 (decimal 8217)
   defining Unicode char U+201C (decimal 8220)
   defining Unicode char U+201D (decimal 8221)
   defining Unicode char U+201E (decimal 8222)
   defining Unicode char U+2030 (decimal 8240)
   defining Unicode char U+2031 (decimal 8241)
   defining Unicode char U+2116 (decimal 8470)
   defining Unicode char U+2329 (decimal 9001)
   defining Unicode char U+3008 (decimal 12296)
   defining Unicode char U+232A (decimal 9002)
   defining Unicode char U+3009 (decimal 12297)
   defining Unicode char U+2423 (decimal 9251)
   defining Unicode char U+27E8 (decimal 10216)
   defining Unicode char U+27E9 (decimal 10217)
   defining Unicode char U+FB00 (decimal 64256)
   defining Unicode char U+FB01 (decimal 64257)
   defining Unicode char U+FB02 (decimal 64258)
   defining Unicode char U+FB03 (decimal 64259)
   defining Unicode char U+FB04 (decimal 64260)
   defining Unicode char U+FB05 (decimal 64261)
   defining Unicode char U+FB06 (decimal 64262)
))
LaTeX Font Info:    Trying to load font information for T1+lmr on input line 112.
 (/usr/local/texlive/2023/texmf-dist/tex/latex/lm/t1lmr.fd
File: t1lmr.fd 2015/05/01 v1.6.1 Font defs for Latin Modern
)) (/usr/local/texlive/2023/texmf-dist/tex/latex/psnfss/mathpazo.sty
Package: mathpazo 2020/03/25 PSNFSS-v9.3 Palatino w/ Pazo Math (D.Puga, WaS) 
\symupright=\mathgroup8
) (/usr/local/texlive/2023/texmf-dist/tex/latex/libertine/libertine.sty
Package: libertine 2022/09/12 (Bob Tennent) Supports Libertine and Biolinum fonts for all LaTeX engines.
 (/usr/local/texlive/2023/texmf-dist/tex/generic/iftex/ifxetex.sty
Package: ifxetex 2019/10/25 v0.7 ifxetex legacy package. Use iftex instead.
) (/usr/local/texlive/2023/texmf-dist/tex/generic/iftex/ifluatex.sty
Package: ifluatex 2019/10/25 v1.5 ifluatex legacy package. Use iftex instead.
) (/usr/local/texlive/2023/texmf-dist/tex/latex/xkeyval/xkeyval.sty
Package: xkeyval 2022/06/16 v2.9 package option processing (HA)
 (/usr/local/texlive/2023/texmf-dist/tex/generic/xkeyval/xkeyval.tex (/usr/local/texlive/2023/texmf-dist/tex/generic/xkeyval/xkvutils.tex
\XKV@toks=\toks37
\XKV@tempa@toks=\toks38
)
\XKV@depth=\count423
File: xkeyval.tex 2014/12/03 v2.7a key=value parser (HA)
)) (/usr/local/texlive/2023/texmf-dist/tex/latex/base/textcomp.sty
Package: textcomp 2020/02/02 v2.0n Standard LaTeX package
) (/usr/local/texlive/2023/texmf-dist/tex/latex/base/fontenc.sty
Package: fontenc 2021/04/29 v2.0v Standard LaTeX package
LaTeX Font Info:    Trying to load font information for T1+ppl on input line 112.
 (/usr/local/texlive/2023/texmf-dist/tex/latex/psnfss/t1ppl.fd
File: t1ppl.fd 2001/06/04 font definitions for T1/ppl.
)) (/usr/local/texlive/2023/texmf-dist/tex/latex/fontaxes/fontaxes.sty
Package: fontaxes 2020/07/21 v1.0e Font selection axes
LaTeX Info: Redefining \upshape on input line 29.
LaTeX Info: Redefining \itshape on input line 31.
LaTeX Info: Redefining \slshape on input line 33.
LaTeX Info: Redefining \swshape on input line 35.
LaTeX Info: Redefining \scshape on input line 37.
LaTeX Info: Redefining \sscshape on input line 39.
LaTeX Info: Redefining \ulcshape on input line 41.
LaTeX Info: Redefining \textsw on input line 47.
LaTeX Info: Redefining \textssc on input line 48.
LaTeX Info: Redefining \textulc on input line 49.
)
LaTeX Info: Redefining \oldstylenums on input line 483.
 (/usr/local/texlive/2023/texmf-dist/tex/latex/libertine/LinLibertine_I.tex)) (/usr/local/texlive/2023/texmf-dist/tex/latex/tikz-cd/tikz-cd.sty
Package: tikz-cd 2021/05/04 v1.0 Commutative diagrams with TikZ
 (/usr/local/texlive/2023/texmf-dist/tex/latex/pgf/frontendlayer/tikz.sty (/usr/local/texlive/2023/texmf-dist/tex/latex/pgf/basiclayer/pgf.sty (/usr/local/texlive/2023/texmf-dist/tex/latex/pgf/utilities/pgfrcs.sty (/usr/local/texlive/2023/texmf-dist/tex/generic/pgf/utilities/pgfutil-common.tex
\pgfutil@everybye=\toks39
\pgfutil@tempdima=\dimen186
\pgfutil@tempdimb=\dimen187
) (/usr/local/texlive/2023/texmf-dist/tex/generic/pgf/utilities/pgfutil-latex.def
\pgfutil@abb=\box55
) (/usr/local/texlive/2023/texmf-dist/tex/generic/pgf/utilities/pgfrcs.code.tex (/usr/local/texlive/2023/texmf-dist/tex/generic/pgf/pgf.revision.tex)
Package: pgfrcs 2023-01-15 v3.1.10 (3.1.10)
))
Package: pgf 2023-01-15 v3.1.10 (3.1.10)
 (/usr/local/texlive/2023/texmf-dist/tex/latex/pgf/basiclayer/pgfcore.sty (/usr/local/texlive/2023/texmf-dist/tex/latex/pgf/systemlayer/pgfsys.sty (/usr/local/texlive/2023/texmf-dist/tex/generic/pgf/systemlayer/pgfsys.code.tex
Package: pgfsys 2023-01-15 v3.1.10 (3.1.10)
 (/usr/local/texlive/2023/texmf-dist/tex/generic/pgf/utilities/pgfkeys.code.tex
\pgfkeys@pathtoks=\toks40
\pgfkeys@temptoks=\toks41
 (/usr/local/texlive/2023/texmf-dist/tex/generic/pgf/utilities/pgfkeyslibraryfiltered.code.tex
\pgfkeys@tmptoks=\toks42
))
\pgf@x=\dimen188
\pgf@y=\dimen189
\pgf@xa=\dimen190
\pgf@ya=\dimen191
\pgf@xb=\dimen192
\pgf@yb=\dimen193
\pgf@xc=\dimen194
\pgf@yc=\dimen195
\pgf@xd=\dimen196
\pgf@yd=\dimen197
\w@pgf@writea=\write4
\r@pgf@reada=\read4
\c@pgf@counta=\count424
\c@pgf@countb=\count425
\c@pgf@countc=\count426
\c@pgf@countd=\count427
\t@pgf@toka=\toks43
\t@pgf@tokb=\toks44
\t@pgf@tokc=\toks45
\pgf@sys@id@count=\count428
 (/usr/local/texlive/2023/texmf-dist/tex/generic/pgf/systemlayer/pgf.cfg
File: pgf.cfg 2023-01-15 v3.1.10 (3.1.10)
)
Driver file for pgf: pgfsys-pdftex.def
 (/usr/local/texlive/2023/texmf-dist/tex/generic/pgf/systemlayer/pgfsys-pdftex.def
File: pgfsys-pdftex.def 2023-01-15 v3.1.10 (3.1.10)
 (/usr/local/texlive/2023/texmf-dist/tex/generic/pgf/systemlayer/pgfsys-common-pdf.def
File: pgfsys-common-pdf.def 2023-01-15 v3.1.10 (3.1.10)
))) (/usr/local/texlive/2023/texmf-dist/tex/generic/pgf/systemlayer/pgfsyssoftpath.code.tex
File: pgfsyssoftpath.code.tex 2023-01-15 v3.1.10 (3.1.10)
\pgfsyssoftpath@smallbuffer@items=\count429
\pgfsyssoftpath@bigbuffer@items=\count430
) (/usr/local/texlive/2023/texmf-dist/tex/generic/pgf/systemlayer/pgfsysprotocol.code.tex
File: pgfsysprotocol.code.tex 2023-01-15 v3.1.10 (3.1.10)
)) (/usr/local/texlive/2023/texmf-dist/tex/generic/pgf/basiclayer/pgfcore.code.tex
Package: pgfcore 2023-01-15 v3.1.10 (3.1.10)
 (/usr/local/texlive/2023/texmf-dist/tex/generic/pgf/math/pgfmath.code.tex (/usr/local/texlive/2023/texmf-dist/tex/generic/pgf/math/pgfmathutil.code.tex) (/usr/local/texlive/2023/texmf-dist/tex/generic/pgf/math/pgfmathparser.code.tex
\pgfmath@dimen=\dimen198
\pgfmath@count=\count431
\pgfmath@box=\box56
\pgfmath@toks=\toks46
\pgfmath@stack@operand=\toks47
\pgfmath@stack@operation=\toks48
) (/usr/local/texlive/2023/texmf-dist/tex/generic/pgf/math/pgfmathfunctions.code.tex) (/usr/local/texlive/2023/texmf-dist/tex/generic/pgf/math/pgfmathfunctions.basic.code.tex) (/usr/local/texlive/2023/texmf-dist/tex/generic/pgf/math/pgfmathfunctions.trigonometric.code.tex) (/usr/local/texlive/2023/texmf-dist/tex/generic/pgf/math/pgfmathfunctions.random.code.tex) (/usr/local/texlive/2023/texmf-dist/tex/generic/pgf/math/pgfmathfunctions.comparison.code.tex) (/usr/local/texlive/2023/texmf-dist/tex/generic/pgf/math/pgfmathfunctions.base.code.tex) (/usr/local/texlive/2023/texmf-dist/tex/generic/pgf/math/pgfmathfunctions.round.code.tex) (/usr/local/texlive/2023/texmf-dist/tex/generic/pgf/math/pgfmathfunctions.misc.code.tex) (/usr/local/texlive/2023/texmf-dist/tex/generic/pgf/math/pgfmathfunctions.integerarithmetics.code.tex) (/usr/local/texlive/2023/texmf-dist/tex/generic/pgf/math/pgfmathcalc.code.tex) (/usr/local/texlive/2023/texmf-dist/tex/generic/pgf/math/pgfmathfloat.code.tex
\c@pgfmathroundto@lastzeros=\count432
)) (/usr/local/texlive/2023/texmf-dist/tex/generic/pgf/math/pgfint.code.tex) (/usr/local/texlive/2023/texmf-dist/tex/generic/pgf/basiclayer/pgfcorepoints.code.tex
File: pgfcorepoints.code.tex 2023-01-15 v3.1.10 (3.1.10)
\pgf@picminx=\dimen199
\pgf@picmaxx=\dimen256
\pgf@picminy=\dimen257
\pgf@picmaxy=\dimen258
\pgf@pathminx=\dimen259
\pgf@pathmaxx=\dimen260
\pgf@pathminy=\dimen261
\pgf@pathmaxy=\dimen262
\pgf@xx=\dimen263
\pgf@xy=\dimen264
\pgf@yx=\dimen265
\pgf@yy=\dimen266
\pgf@zx=\dimen267
\pgf@zy=\dimen268
) (/usr/local/texlive/2023/texmf-dist/tex/generic/pgf/basiclayer/pgfcorepathconstruct.code.tex
File: pgfcorepathconstruct.code.tex 2023-01-15 v3.1.10 (3.1.10)
\pgf@path@lastx=\dimen269
\pgf@path@lasty=\dimen270
) (/usr/local/texlive/2023/texmf-dist/tex/generic/pgf/basiclayer/pgfcorepathusage.code.tex
File: pgfcorepathusage.code.tex 2023-01-15 v3.1.10 (3.1.10)
\pgf@shorten@end@additional=\dimen271
\pgf@shorten@start@additional=\dimen272
) (/usr/local/texlive/2023/texmf-dist/tex/generic/pgf/basiclayer/pgfcorescopes.code.tex
File: pgfcorescopes.code.tex 2023-01-15 v3.1.10 (3.1.10)
\pgfpic=\box57
\pgf@hbox=\box58
\pgf@layerbox@main=\box59
\pgf@picture@serial@count=\count433
) (/usr/local/texlive/2023/texmf-dist/tex/generic/pgf/basiclayer/pgfcoregraphicstate.code.tex
File: pgfcoregraphicstate.code.tex 2023-01-15 v3.1.10 (3.1.10)
\pgflinewidth=\dimen273
) (/usr/local/texlive/2023/texmf-dist/tex/generic/pgf/basiclayer/pgfcoretransformations.code.tex
File: pgfcoretransformations.code.tex 2023-01-15 v3.1.10 (3.1.10)
\pgf@pt@x=\dimen274
\pgf@pt@y=\dimen275
\pgf@pt@temp=\dimen276
) (/usr/local/texlive/2023/texmf-dist/tex/generic/pgf/basiclayer/pgfcorequick.code.tex
File: pgfcorequick.code.tex 2023-01-15 v3.1.10 (3.1.10)
) (/usr/local/texlive/2023/texmf-dist/tex/generic/pgf/basiclayer/pgfcoreobjects.code.tex
File: pgfcoreobjects.code.tex 2023-01-15 v3.1.10 (3.1.10)
) (/usr/local/texlive/2023/texmf-dist/tex/generic/pgf/basiclayer/pgfcorepathprocessing.code.tex
File: pgfcorepathprocessing.code.tex 2023-01-15 v3.1.10 (3.1.10)
) (/usr/local/texlive/2023/texmf-dist/tex/generic/pgf/basiclayer/pgfcorearrows.code.tex
File: pgfcorearrows.code.tex 2023-01-15 v3.1.10 (3.1.10)
\pgfarrowsep=\dimen277
) (/usr/local/texlive/2023/texmf-dist/tex/generic/pgf/basiclayer/pgfcoreshade.code.tex
File: pgfcoreshade.code.tex 2023-01-15 v3.1.10 (3.1.10)
\pgf@max=\dimen278
\pgf@sys@shading@range@num=\count434
\pgf@shadingcount=\count435
) (/usr/local/texlive/2023/texmf-dist/tex/generic/pgf/basiclayer/pgfcoreimage.code.tex
File: pgfcoreimage.code.tex 2023-01-15 v3.1.10 (3.1.10)
) (/usr/local/texlive/2023/texmf-dist/tex/generic/pgf/basiclayer/pgfcoreexternal.code.tex
File: pgfcoreexternal.code.tex 2023-01-15 v3.1.10 (3.1.10)
\pgfexternal@startupbox=\box60
) (/usr/local/texlive/2023/texmf-dist/tex/generic/pgf/basiclayer/pgfcorelayers.code.tex
File: pgfcorelayers.code.tex 2023-01-15 v3.1.10 (3.1.10)
) (/usr/local/texlive/2023/texmf-dist/tex/generic/pgf/basiclayer/pgfcoretransparency.code.tex
File: pgfcoretransparency.code.tex 2023-01-15 v3.1.10 (3.1.10)
) (/usr/local/texlive/2023/texmf-dist/tex/generic/pgf/basiclayer/pgfcorepatterns.code.tex
File: pgfcorepatterns.code.tex 2023-01-15 v3.1.10 (3.1.10)
) (/usr/local/texlive/2023/texmf-dist/tex/generic/pgf/basiclayer/pgfcorerdf.code.tex
File: pgfcorerdf.code.tex 2023-01-15 v3.1.10 (3.1.10)
))) (/usr/local/texlive/2023/texmf-dist/tex/generic/pgf/modules/pgfmoduleshapes.code.tex
File: pgfmoduleshapes.code.tex 2023-01-15 v3.1.10 (3.1.10)
\pgfnodeparttextbox=\box61
) (/usr/local/texlive/2023/texmf-dist/tex/generic/pgf/modules/pgfmoduleplot.code.tex
File: pgfmoduleplot.code.tex 2023-01-15 v3.1.10 (3.1.10)
) (/usr/local/texlive/2023/texmf-dist/tex/latex/pgf/compatibility/pgfcomp-version-0-65.sty
Package: pgfcomp-version-0-65 2023-01-15 v3.1.10 (3.1.10)
\pgf@nodesepstart=\dimen279
\pgf@nodesepend=\dimen280
) (/usr/local/texlive/2023/texmf-dist/tex/latex/pgf/compatibility/pgfcomp-version-1-18.sty
Package: pgfcomp-version-1-18 2023-01-15 v3.1.10 (3.1.10)
)) (/usr/local/texlive/2023/texmf-dist/tex/latex/pgf/utilities/pgffor.sty (/usr/local/texlive/2023/texmf-dist/tex/latex/pgf/utilities/pgfkeys.sty (/usr/local/texlive/2023/texmf-dist/tex/generic/pgf/utilities/pgfkeys.code.tex)) (/usr/local/texlive/2023/texmf-dist/tex/latex/pgf/math/pgfmath.sty (/usr/local/texlive/2023/texmf-dist/tex/generic/pgf/math/pgfmath.code.tex)) (/usr/local/texlive/2023/texmf-dist/tex/generic/pgf/utilities/pgffor.code.tex
Package: pgffor 2023-01-15 v3.1.10 (3.1.10)
\pgffor@iter=\dimen281
\pgffor@skip=\dimen282
\pgffor@stack=\toks49
\pgffor@toks=\toks50
)) (/usr/local/texlive/2023/texmf-dist/tex/generic/pgf/frontendlayer/tikz/tikz.code.tex
Package: tikz 2023-01-15 v3.1.10 (3.1.10)
 (/usr/local/texlive/2023/texmf-dist/tex/generic/pgf/libraries/pgflibraryplothandlers.code.tex
File: pgflibraryplothandlers.code.tex 2023-01-15 v3.1.10 (3.1.10)
\pgf@plot@mark@count=\count436
\pgfplotmarksize=\dimen283
)
\tikz@lastx=\dimen284
\tikz@lasty=\dimen285
\tikz@lastxsaved=\dimen286
\tikz@lastysaved=\dimen287
\tikz@lastmovetox=\dimen288
\tikz@lastmovetoy=\dimen289
\tikzleveldistance=\dimen290
\tikzsiblingdistance=\dimen291
\tikz@figbox=\box62
\tikz@figbox@bg=\box63
\tikz@tempbox=\box64
\tikz@tempbox@bg=\box65
\tikztreelevel=\count437
\tikznumberofchildren=\count438
\tikznumberofcurrentchild=\count439
\tikz@fig@count=\count440
 (/usr/local/texlive/2023/texmf-dist/tex/generic/pgf/modules/pgfmodulematrix.code.tex
File: pgfmodulematrix.code.tex 2023-01-15 v3.1.10 (3.1.10)
\pgfmatrixcurrentrow=\count441
\pgfmatrixcurrentcolumn=\count442
\pgf@matrix@numberofcolumns=\count443
)
\tikz@expandcount=\count444
 (/usr/local/texlive/2023/texmf-dist/tex/generic/pgf/frontendlayer/tikz/libraries/tikzlibrarytopaths.code.tex
File: tikzlibrarytopaths.code.tex 2023-01-15 v3.1.10 (3.1.10)
))) (/usr/local/texlive/2023/texmf-dist/tex/generic/tikz-cd/tikzlibrarycd.code.tex (/usr/local/texlive/2023/texmf-dist/tex/generic/pgf/frontendlayer/tikz/libraries/tikzlibrarymatrix.code.tex
File: tikzlibrarymatrix.code.tex 2023-01-15 v3.1.10 (3.1.10)
) (/usr/local/texlive/2023/texmf-dist/tex/generic/pgf/frontendlayer/tikz/libraries/tikzlibraryquotes.code.tex
File: tikzlibraryquotes.code.tex 2023-01-15 v3.1.10 (3.1.10)
) (/usr/local/texlive/2023/texmf-dist/tex/generic/pgf/libraries/pgflibraryarrows.meta.code.tex
File: pgflibraryarrows.meta.code.tex 2023-01-15 v3.1.10 (3.1.10)
\pgfarrowinset=\dimen292
\pgfarrowlength=\dimen293
\pgfarrowwidth=\dimen294
\pgfarrowlinewidth=\dimen295
))) (/usr/local/texlive/2023/texmf-dist/tex/latex/framed/framed.sty
Package: framed 2011/10/22 v 0.96: framed or shaded text with page breaks
\OuterFrameSep=\skip90
\fb@frw=\dimen296
\fb@frh=\dimen297
\FrameRule=\dimen298
\FrameSep=\dimen299
) (/usr/local/texlive/2023/texmf-dist/tex/latex/tcolorbox/tcolorbox.sty
Package: tcolorbox 2023/02/12 version 6.0.1 text color boxes
 (/usr/local/texlive/2023/texmf-dist/tex/latex/tools/verbatim.sty
Package: verbatim 2022-07-02 v1.5u LaTeX2e package for verbatim enhancements
\every@verbatim=\toks51
\verbatim@line=\toks52
\verbatim@in@stream=\read5
) (/usr/local/texlive/2023/texmf-dist/tex/latex/environ/environ.sty
Package: environ 2014/05/04 v0.3 A new way to define environments
 (/usr/local/texlive/2023/texmf-dist/tex/latex/trimspaces/trimspaces.sty
Package: trimspaces 2009/09/17 v1.1 Trim spaces around a token list
))
\tcb@titlebox=\box66
\tcb@upperbox=\box67
\tcb@lowerbox=\box68
\tcb@phantombox=\box69
\c@tcbbreakpart=\count445
\c@tcblayer=\count446
\c@tcolorbox@number=\count447
\tcb@temp=\box70
\tcb@temp=\box71
\tcb@temp=\box72
\tcb@temp=\box73
 (/usr/local/texlive/2023/texmf-dist/tex/latex/tcolorbox/tcbraster.code.tex
Library (tcolorbox): 'tcbraster.code.tex' version '6.0.1'
\c@tcbrastercolumn=\count448
\c@tcbrasterrow=\count449
\c@tcbrasternum=\count450
\c@tcbraster=\count451
) (/usr/local/texlive/2023/texmf-dist/tex/latex/tcolorbox/tcbskins.code.tex
Library (tcolorbox): 'tcbskins.code.tex' version '6.0.1'
(/usr/local/texlive/2023/texmf-dist/tex/latex/tikzfill/tikzfill.image.sty
Package: tikzfill.image 2022/07/20 v1.0.0 Image filling library for TikZ
 (/usr/local/texlive/2023/texmf-dist/tex/latex/tikzfill/tikzfill-common.sty
Package: tikzfill-common 2022/07/20 v1.0.0 Auxiliary code for tikzfill
) (/usr/local/texlive/2023/texmf-dist/tex/latex/tikzfill/tikzlibraryfill.image.code.tex
File: tikzlibraryfill.image.code.tex 2022/07/20 v1.0.0 Image filling library
\l__tikzfill_img_box=\box74
)) (/usr/local/texlive/2023/texmf-dist/tex/latex/tcolorbox/tcbskinsjigsaw.code.tex
Library (tcolorbox): 'tcbskinsjigsaw.code.tex' version '6.0.1'
)) (/usr/local/texlive/2023/texmf-dist/tex/latex/tcolorbox/tcbbreakable.code.tex
Library (tcolorbox): 'tcbbreakable.code.tex' version '6.0.1'
(/usr/local/texlive/2023/texmf-dist/tex/latex/pdfcol/pdfcol.sty
Package: pdfcol 2022-09-21 v1.7 Handle new color stacks for pdfTeX (HO)
)
Package pdfcol Info: New color stack `tcb@breakable' = 1 on input line 23.
\tcb@testbox=\box75
\tcb@totalupperbox=\box76
\tcb@totallowerbox=\box77
) (/usr/local/texlive/2023/texmf-dist/tex/latex/tcolorbox/tcbhooks.code.tex
Library (tcolorbox): 'tcbhooks.code.tex' version '6.0.1'
) (/usr/local/texlive/2023/texmf-dist/tex/latex/tcolorbox/tcbtheorems.code.tex
Library (tcolorbox): 'tcbtheorems.code.tex' version '6.0.1'
) (/usr/local/texlive/2023/texmf-dist/tex/latex/tcolorbox/tcbfitting.code.tex
Library (tcolorbox): 'tcbfitting.code.tex' version '6.0.1'
\tcbfitdim=\dimen300
\tcb@lowerfitdim=\dimen301
\tcb@upperfitdim=\dimen302
\tcb@cur@hbadness=\count452
)) (/usr/local/texlive/2023/texmf-dist/tex/latex/mdframed/mdframed.sty
Package: mdframed 2013/07/01 1.9b: mdframed
 (/usr/local/texlive/2023/texmf-dist/tex/latex/zref/zref-abspage.sty
Package: zref-abspage 2022-04-07 v2.34 Module abspage for zref (HO)
 (/usr/local/texlive/2023/texmf-dist/tex/latex/zref/zref-base.sty
Package: zref-base 2022-04-07 v2.34 Module base for zref (HO)
 (/usr/local/texlive/2023/texmf-dist/tex/generic/kvdefinekeys/kvdefinekeys.sty
Package: kvdefinekeys 2019-12-19 v1.6 Define keys (HO)
) (/usr/local/texlive/2023/texmf-dist/tex/generic/etexcmds/etexcmds.sty
Package: etexcmds 2019/12/15 v1.7 Avoid name clashes with e-TeX commands (HO)
) (/usr/local/texlive/2023/texmf-dist/tex/latex/auxhook/auxhook.sty
Package: auxhook 2019-12-17 v1.6 Hooks for auxiliary files (HO)
)
Package zref Info: New property list: main on input line 767.
Package zref Info: New property: default on input line 768.
Package zref Info: New property: page on input line 769.
) (/usr/local/texlive/2023/texmf-dist/tex/latex/base/atbegshi-ltx.sty
Package: atbegshi-ltx 2021/01/10 v1.0c Emulation of the original atbegshi
package with kernel methods
)
\c@abspage=\count453
Package zref Info: New property: abspage on input line 65.
) (/usr/local/texlive/2023/texmf-dist/tex/latex/needspace/needspace.sty
Package: needspace 2010/09/12 v1.3d reserve vertical space
)
\mdf@templength=\skip91
\c@mdf@globalstyle@cnt=\count454
\mdf@skipabove@length=\skip92
\mdf@skipbelow@length=\skip93
\mdf@leftmargin@length=\skip94
\mdf@rightmargin@length=\skip95
\mdf@innerleftmargin@length=\skip96
\mdf@innerrightmargin@length=\skip97
\mdf@innertopmargin@length=\skip98
\mdf@innerbottommargin@length=\skip99
\mdf@splittopskip@length=\skip100
\mdf@splitbottomskip@length=\skip101
\mdf@outermargin@length=\skip102
\mdf@innermargin@length=\skip103
\mdf@linewidth@length=\skip104
\mdf@innerlinewidth@length=\skip105
\mdf@middlelinewidth@length=\skip106
\mdf@outerlinewidth@length=\skip107
\mdf@roundcorner@length=\skip108
\mdf@footenotedistance@length=\skip109
\mdf@userdefinedwidth@length=\skip110
\mdf@needspace@length=\skip111
\mdf@frametitleaboveskip@length=\skip112
\mdf@frametitlebelowskip@length=\skip113
\mdf@frametitlerulewidth@length=\skip114
\mdf@frametitleleftmargin@length=\skip115
\mdf@frametitlerightmargin@length=\skip116
\mdf@shadowsize@length=\skip117
\mdf@extratopheight@length=\skip118
\mdf@subtitleabovelinewidth@length=\skip119
\mdf@subtitlebelowlinewidth@length=\skip120
\mdf@subtitleaboveskip@length=\skip121
\mdf@subtitlebelowskip@length=\skip122
\mdf@subtitleinneraboveskip@length=\skip123
\mdf@subtitleinnerbelowskip@length=\skip124
\mdf@subsubtitleabovelinewidth@length=\skip125
\mdf@subsubtitlebelowlinewidth@length=\skip126
\mdf@subsubtitleaboveskip@length=\skip127
\mdf@subsubtitlebelowskip@length=\skip128
\mdf@subsubtitleinneraboveskip@length=\skip129
\mdf@subsubtitleinnerbelowskip@length=\skip130
 (/usr/local/texlive/2023/texmf-dist/tex/latex/mdframed/md-frame-1.mdf
File: md-frame-1.mdf 2013/07/01\ 1.9b: md-frame-1
)
\mdf@frametitlebox=\box78
\mdf@footnotebox=\box79
\mdf@splitbox@one=\box80
\mdf@splitbox@two=\box81
\mdf@splitbox@save=\box82
\mdfsplitboxwidth=\skip131
\mdfsplitboxtotalwidth=\skip132
\mdfsplitboxheight=\skip133
\mdfsplitboxdepth=\skip134
\mdfsplitboxtotalheight=\skip135
\mdfframetitleboxwidth=\skip136
\mdfframetitleboxtotalwidth=\skip137
\mdfframetitleboxheight=\skip138
\mdfframetitleboxdepth=\skip139
\mdfframetitleboxtotalheight=\skip140
\mdffootnoteboxwidth=\skip141
\mdffootnoteboxtotalwidth=\skip142
\mdffootnoteboxheight=\skip143
\mdffootnoteboxdepth=\skip144
\mdffootnoteboxtotalheight=\skip145
\mdftotallinewidth=\skip146
\mdfboundingboxwidth=\skip147
\mdfboundingboxtotalwidth=\skip148
\mdfboundingboxheight=\skip149
\mdfboundingboxdepth=\skip150
\mdfboundingboxtotalheight=\skip151
\mdf@freevspace@length=\skip152
\mdf@horizontalwidthofbox@length=\skip153
\mdf@verticalmarginwhole@length=\skip154
\mdf@horizontalspaceofbox=\skip155
\mdfsubtitleheight=\skip156
\mdfsubsubtitleheight=\skip157
\c@mdfcountframes=\count455

****** mdframed patching \endmdf@trivlist

****** -- success******

\mdf@envdepth=\count456
\c@mdf@env@i=\count457
\c@mdf@env@ii=\count458
\c@mdf@zref@counter=\count459
Package zref Info: New property: mdf@pagevalue on input line 895.
) (/usr/local/texlive/2023/texmf-dist/tex/latex/pagecolor/pagecolor.sty
Package: pagecolor 2023-02-14 v1.2b Provides thepagecolor (HMM)
 (/usr/local/texlive/2023/texmf-dist/tex/latex/hardwrap/hardwrap.sty
Package: hardwrap 2011/02/12 v0.2 Hard wrap messages
 (/usr/local/texlive/2023/texmf-dist/tex/latex/ifplatform/ifplatform.sty
Package: ifplatform 2017/10/13 v0.4a Testing for the operating system
 (/usr/local/texlive/2023/texmf-dist/tex/latex/tools/shellesc.sty
Package: shellesc 2019/11/08 v1.0c unified shell escape interface for LaTeX
Package shellesc Info: Restricted shell escape enabled on input line 77.
) (/usr/local/texlive/2023/texmf-dist/tex/generic/catchfile/catchfile.sty
Package: catchfile 2019/12/09 v1.8 Catch the contents of a file (HO)
)

Package ifplatform Warning: 
    shell escape is disabled, so I can only detect \ifwindows.

)
\hw@charcount=\count460
\hw@wordcount=\count461
\hw@maxprintline=\count462
 (|kpsewhich -var-value=max_print_line))) (/usr/local/texlive/2023/texmf-dist/tex/latex/listings/listings.sty
\lst@mode=\count463
\lst@gtempboxa=\box83
\lst@token=\toks53
\lst@length=\count464
\lst@currlwidth=\dimen303
\lst@column=\count465
\lst@pos=\count466
\lst@lostspace=\dimen304
\lst@width=\dimen305
\lst@newlines=\count467
\lst@lineno=\count468
\lst@maxwidth=\dimen306
 (/usr/local/texlive/2023/texmf-dist/tex/latex/listings/lstmisc.sty
File: lstmisc.sty 2023/02/27 1.9 (Carsten Heinz)
\c@lstnumber=\count469
\lst@skipnumbers=\count470
\lst@framebox=\box84
) (/usr/local/texlive/2023/texmf-dist/tex/latex/listings/listings.cfg
File: listings.cfg 2023/02/27 1.9 listings configuration
))
Package: listings 2023/02/27 1.9 (Carsten Heinz)
 (/usr/local/texlive/2023/texmf-dist/tex/latex/hyperref/hyperref.sty
Package: hyperref 2023-02-07 v7.00v Hypertext links for LaTeX
 (/usr/local/texlive/2023/texmf-dist/tex/generic/pdfescape/pdfescape.sty
Package: pdfescape 2019/12/09 v1.15 Implements pdfTeX's escape features (HO)
) (/usr/local/texlive/2023/texmf-dist/tex/latex/hycolor/hycolor.sty
Package: hycolor 2020-01-27 v1.10 Color options for hyperref/bookmark (HO)
) (/usr/local/texlive/2023/texmf-dist/tex/latex/letltxmacro/letltxmacro.sty
Package: letltxmacro 2019/12/03 v1.6 Let assignment for LaTeX macros (HO)
) (/usr/local/texlive/2023/texmf-dist/tex/latex/hyperref/nameref.sty
Package: nameref 2022-05-17 v2.50 Cross-referencing by name of section
 (/usr/local/texlive/2023/texmf-dist/tex/latex/refcount/refcount.sty
Package: refcount 2019/12/15 v3.6 Data extraction from label references (HO)
) (/usr/local/texlive/2023/texmf-dist/tex/generic/gettitlestring/gettitlestring.sty
Package: gettitlestring 2019/12/15 v1.6 Cleanup title references (HO)
)
\c@section@level=\count471
)
\@linkdim=\dimen307
\Hy@linkcounter=\count472
\Hy@pagecounter=\count473
 (/usr/local/texlive/2023/texmf-dist/tex/latex/hyperref/pd1enc.def
File: pd1enc.def 2023-02-07 v7.00v Hyperref: PDFDocEncoding definition (HO)
Now handling font encoding PD1 ...
... no UTF-8 mapping file for font encoding PD1
) (/usr/local/texlive/2023/texmf-dist/tex/generic/intcalc/intcalc.sty
Package: intcalc 2019/12/15 v1.3 Expandable calculations with integers (HO)
)
\Hy@SavedSpaceFactor=\count474
 (/usr/local/texlive/2023/texmf-dist/tex/latex/hyperref/puenc.def
File: puenc.def 2023-02-07 v7.00v Hyperref: PDF Unicode definition (HO)
Now handling font encoding PU ...
... no UTF-8 mapping file for font encoding PU
)
Package hyperref Info: Hyper figures OFF on input line 4177.
Package hyperref Info: Link nesting OFF on input line 4182.
Package hyperref Info: Hyper index ON on input line 4185.
Package hyperref Info: Plain pages OFF on input line 4192.
Package hyperref Info: Backreferencing OFF on input line 4197.
Package hyperref Info: Implicit mode ON; LaTeX internals redefined.
Package hyperref Info: Bookmarks ON on input line 4425.
\c@Hy@tempcnt=\count475
LaTeX Info: Redefining \url on input line 4763.
\XeTeXLinkMargin=\dimen308
 (/usr/local/texlive/2023/texmf-dist/tex/generic/bitset/bitset.sty
Package: bitset 2019/12/09 v1.3 Handle bit-vector datatype (HO)
 (/usr/local/texlive/2023/texmf-dist/tex/generic/bigintcalc/bigintcalc.sty
Package: bigintcalc 2019/12/15 v1.5 Expandable calculations on big integers (HO)
))
\Fld@menulength=\count476
\Field@Width=\dimen309
\Fld@charsize=\dimen310
Package hyperref Info: Hyper figures OFF on input line 6042.
Package hyperref Info: Link nesting OFF on input line 6047.
Package hyperref Info: Hyper index ON on input line 6050.
Package hyperref Info: backreferencing OFF on input line 6057.
Package hyperref Info: Link coloring OFF on input line 6062.
Package hyperref Info: Link coloring with OCG OFF on input line 6067.
Package hyperref Info: PDF/A mode OFF on input line 6072.
\Hy@abspage=\count477
\c@Item=\count478
\c@Hfootnote=\count479
)
Package hyperref Info: Driver (autodetected): hpdftex.
 (/usr/local/texlive/2023/texmf-dist/tex/latex/hyperref/hpdftex.def
File: hpdftex.def 2023-02-07 v7.00v Hyperref driver for pdfTeX
 (/usr/local/texlive/2023/texmf-dist/tex/latex/base/atveryend-ltx.sty
Package: atveryend-ltx 2020/08/19 v1.0a Emulation of the original atveryend package
with kernel methods
)
\HyAnn@Count=\count480
\Fld@listcount=\count481
\c@bookmark@seq@number=\count482
 (/usr/local/texlive/2023/texmf-dist/tex/latex/rerunfilecheck/rerunfilecheck.sty
Package: rerunfilecheck 2022-07-10 v1.10 Rerun checks for auxiliary files (HO)
 (/usr/local/texlive/2023/texmf-dist/tex/generic/uniquecounter/uniquecounter.sty
Package: uniquecounter 2019/12/15 v1.4 Provide unlimited unique counter (HO)
)
Package uniquecounter Info: New unique counter `rerunfilecheck' on input line 285.
)
\Hy@SectionHShift=\skip158
)
Package hyperref Info: Option `colorlinks' set `true' on input line 93.
 (/usr/local/texlive/2023/texmf-dist/tex/latex/lipsum/lipsum.sty (/usr/local/texlive/2023/texmf-dist/tex/latex/l3packages/l3keys2e/l3keys2e.sty
Package: l3keys2e 2023-02-02 LaTeX2e option processing using LaTeX3 keys
)
Package: lipsum 2021-09-20 v2.7 150 paragraphs of Lorem Ipsum dummy text
\g__lipsum_par_int=\count483
\l__lipsum_a_int=\count484
\l__lipsum_b_int=\count485
 (/usr/local/texlive/2023/texmf-dist/tex/latex/lipsum/lipsum.ltd.tex)) (./shortcuts.sty) (/usr/local/texlive/2023/texmf-dist/tex/latex/titlesec/titlesec.sty
Package: titlesec 2021/07/05 v2.14 Sectioning titles
\ttl@box=\box85
\beforetitleunit=\skip159
\aftertitleunit=\skip160
\ttl@plus=\dimen311
\ttl@minus=\dimen312
\ttl@toksa=\toks54
\titlewidth=\dimen313
\titlewidthlast=\dimen314
\titlewidthfirst=\dimen315
) (/usr/local/texlive/2023/texmf-dist/tex/latex/tocloft/tocloft.sty
Package: tocloft 2017/08/31 v2.3i parameterised ToC, etc., typesetting
Package tocloft Info: The document has chapter divisions on input line 51.
\cftparskip=\skip161
\cftbeforetoctitleskip=\skip162
\cftaftertoctitleskip=\skip163
\cftbeforepartskip=\skip164
\cftpartnumwidth=\skip165
\cftpartindent=\skip166
\cftbeforechapskip=\skip167
\cftchapindent=\skip168
\cftchapnumwidth=\skip169
\cftbeforesecskip=\skip170
\cftsecindent=\skip171
\cftsecnumwidth=\skip172
\cftbeforesubsecskip=\skip173
\cftsubsecindent=\skip174
\cftsubsecnumwidth=\skip175
\cftbeforesubsubsecskip=\skip176
\cftsubsubsecindent=\skip177
\cftsubsubsecnumwidth=\skip178
\cftbeforeparaskip=\skip179
\cftparaindent=\skip180
\cftparanumwidth=\skip181
\cftbeforesubparaskip=\skip182
\cftsubparaindent=\skip183
\cftsubparanumwidth=\skip184
\cftbeforeloftitleskip=\skip185
\cftafterloftitleskip=\skip186
\cftbeforefigskip=\skip187
\cftfigindent=\skip188
\cftfignumwidth=\skip189
\c@lofdepth=\count486
\c@lotdepth=\count487
\cftbeforelottitleskip=\skip190
\cftafterlottitleskip=\skip191
\cftbeforetabskip=\skip192
\cfttabindent=\skip193
\cfttabnumwidth=\skip194
)
\c@exercises=\count488
Package thmtools Info: Key `mdframed' (with value ` skipabove=5pt, skipbelow=5pt, topline=false, rightline=false, bottomline=false, leftline=false, roundcorner=0pt, innerleftmargin=0pt, innerrightmargin=10pt')
(thmtools)             is not a known style key.
(thmtools)             Will pass this to every \declaretheorem
(thmtools)             that uses `style=sidebarstyle' on input line 184.
Package thmtools Info: Key `mdframed' (with value ` skipabove=10pt, skipbelow=10pt, topline=false, rightline=false, bottomline=false, linecolor=cardinalred, linewidth=3pt, roundcorner=0pt, backgroundcolor=LavenderBlush1, innerleftmargin=10pt, innerrightmargin=10pt')
(thmtools)             is not a known style key.
(thmtools)             Will pass this to every \declaretheorem
(thmtools)             that uses `style=defstyle' on input line 205.
Package thmtools Info: Key `mdframed' (with value ` skipabove=10pt, skipbelow=10pt, topline=false, rightline=false, bottomline=false, linecolor=stanfordilluminating, linewidth=3pt, roundcorner=0pt, innerleftmargin=10pt, innerrightmargin=10pt')
(thmtools)             is not a known style key.
(thmtools)             Will pass this to every \declaretheorem
(thmtools)             that uses `style=examplestyle' on input line 226.
Package thmtools Info: Key `mdframed' (with value ` skipabove=10pt, skipbelow=5pt, topline=false, rightline=false, bottomline=false, linecolor=darkgray, linewidth=3pt, roundcorner=0pt, backgroundcolor={shadecolor}, innerleftmargin=10pt, innerrightmargin=10pt')
(thmtools)             is not a known style key.
(thmtools)             Will pass this to every \declaretheorem
(thmtools)             that uses `style=resultstyle' on input line 248.
Package thmtools Info: Key `mdframed' (with value ` skipabove=5pt, skipbelow=5pt, topline=false, rightline=false, bottomline=false, linecolor=Cyan4, backgroundcolor=Azure2, linewidth=3pt, roundcorner=0pt, innerleftmargin=10pt, innerrightmargin=10pt')
(thmtools)             is not a known style key.
(thmtools)             Will pass this to every \declaretheorem
(thmtools)             that uses `style=exercisestyle' on input line 270.
Package thmtools Info: Key `mdframed' (with value ` skipabove=5pt, skipbelow=5pt, topline=false, rightline=false, bottomline=false, leftline=false, roundcorner=0pt, innerleftmargin=0pt, innerrightmargin=10pt')
(thmtools)             is not a known style key.
(thmtools)             Will pass this to every \declaretheorem
(thmtools)             that uses `style=exclamationstyle' on input line 289.
Package thmtools Info: Automatically pulling in `thmdef-mdframed' on input line 295.
 (/usr/local/texlive/2023/texmf-dist/tex/latex/thmtools/thmdef-mdframed.sty
Package: thmdef-mdframed 2023/02/17 v0.75
)
\c@thm=\count489
\c@cor=\count490
Package csquotes Info: Checking for multilingual support...
Package csquotes Info: ... found 'babel' package.
Package csquotes Info: Adjusting default style.
Package csquotes Info: Redefining alias 'default' -> 'english'.
LaTeX Font Info:    Trying to load font information for T1+LinuxLibertineT-TLF on input line 330.
 (/usr/local/texlive/2023/texmf-dist/tex/latex/libertine/T1LinuxLibertineT-TLF.fd
File: T1LinuxLibertineT-TLF.fd 2017/03/20 (autoinst) Font definitions for T1/LinuxLibertineT-TLF.
)
LaTeX Font Info:    Font shape `T1/LinuxLibertineT-TLF/m/n' will be
(Font)              scaled to size 10.95pt on input line 330.
 (./ThesisNotes.aux)
\openout1 = `ThesisNotes.aux'.

LaTeX Font Info:    Checking defaults for OML/cmm/m/it on input line 330.
LaTeX Font Info:    ... okay on input line 330.
LaTeX Font Info:    Checking defaults for OMS/cmsy/m/n on input line 330.
LaTeX Font Info:    ... okay on input line 330.
LaTeX Font Info:    Checking defaults for OT1/cmr/m/n on input line 330.
LaTeX Font Info:    ... okay on input line 330.
LaTeX Font Info:    Checking defaults for T1/cmr/m/n on input line 330.
LaTeX Font Info:    ... okay on input line 330.
LaTeX Font Info:    Checking defaults for TS1/cmr/m/n on input line 330.
LaTeX Font Info:    ... okay on input line 330.
LaTeX Font Info:    Checking defaults for OMX/cmex/m/n on input line 330.
LaTeX Font Info:    ... okay on input line 330.
LaTeX Font Info:    Checking defaults for U/cmr/m/n on input line 330.
LaTeX Font Info:    ... okay on input line 330.
LaTeX Font Info:    Checking defaults for T2A/cmr/m/n on input line 330.
LaTeX Font Info:    Trying to load font information for T2A+cmr on input line 330.
 (/usr/local/texlive/2023/texmf-dist/tex/latex/cyrillic/t2acmr.fd
File: t2acmr.fd 2001/08/11 v1.0a Computer Modern Cyrillic font definitions
)
LaTeX Font Info:    ... okay on input line 330.
LaTeX Font Info:    Checking defaults for PD1/pdf/m/n on input line 330.
LaTeX Font Info:    ... okay on input line 330.
LaTeX Font Info:    Checking defaults for PU/pdf/m/n on input line 330.
LaTeX Font Info:    ... okay on input line 330.
 (/usr/local/texlive/2023/texmf-dist/tex/context/base/mkii/supp-pdf.mkii
[Loading MPS to PDF converter (version 2006.09.02).]
\scratchcounter=\count491
\scratchdimen=\dimen316
\scratchbox=\box86
\nofMPsegments=\count492
\nofMParguments=\count493
\everyMPshowfont=\toks55
\MPscratchCnt=\count494
\MPscratchDim=\dimen317
\MPnumerator=\count495
\makeMPintoPDFobject=\count496
\everyMPtoPDFconversion=\toks56
) (/usr/local/texlive/2023/texmf-dist/tex/latex/epstopdf-pkg/epstopdf-base.sty
Package: epstopdf-base 2020-01-24 v2.11 Base part for package epstopdf
Package epstopdf-base Info: Redefining graphics rule for `.eps' on input line 485.
 (/usr/local/texlive/2023/texmf-dist/tex/latex/latexconfig/epstopdf-sys.cfg
File: epstopdf-sys.cfg 2010/07/13 v1.3 Configuration of (r)epstopdf for TeX Live
))
*geometry* driver: auto-detecting
*geometry* detected driver: pdftex
*geometry* verbose mode - [ preamble ] result:
* driver: pdftex
* paper: a4paper
* layout: <same size as paper>
* layoutoffset:(h,v)=(0.0pt,0.0pt)
* modes: twoside 
* h-part:(L,W,R)=(36.64713pt, 505.89pt, 54.97075pt)
* v-part:(T,H,B)=(63.39273pt, 686.56499pt, 95.08913pt)
* \paperwidth=597.50787pt
* \paperheight=845.04684pt
* \textwidth=505.89pt
* \textheight=686.56499pt
* \oddsidemargin=-35.62286pt
* \evensidemargin=-17.29924pt
* \topmargin=-50.75105pt
* \headheight=22.0pt
* \headsep=19.8738pt
* \topskip=11.0pt
* \footskip=27.46295pt
* \marginparwidth=116.0pt
* \marginparsep=7.0pt
* \columnsep=10.0pt
* \skip\footins=10.0pt plus 4.0pt minus 2.0pt
* \hoffset=0.0pt
* \voffset=0.0pt
* \mag=1000
* \@twocolumnfalse
* \@twosidetrue
* \@mparswitchtrue
* \@reversemarginfalse
* (1in=72.27pt=25.4mm, 1cm=28.453pt)

Package biblatex Info: Trying to load language 'english'...
Package biblatex Info: ... file 'english.lbx' found.
(/usr/local/texlive/2023/texmf-dist/tex/latex/biblatex/lbx/english.lbx
File: english.lbx 2023/03/05 v3.19 biblatex localization (PK/MW)
)
Package biblatex Info: Input encoding 'utf8' detected.
Package biblatex Info: Automatic encoding selection.
(biblatex)             Assuming data encoding 'utf8'.
\openout3 = `ThesisNotes.bcf'.

Package biblatex Info: Trying to load bibliographic data...
Package biblatex Info: ... file 'ThesisNotes.bbl' found.
 (./ThesisNotes.bbl)
Package biblatex Info: Reference section=0 on input line 330.
Package biblatex Info: Reference segment=0 on input line 330.
Package caption Info: Begin \AtBeginDocument code.
Package caption Info: hyperref package is loaded.
Package caption Info: listings package is loaded.
Package caption Info: End \AtBeginDocument code.
\c@mv@tabular=\count497
\c@mv@boldtabular=\count498
\c@lstlisting=\count499
Package hyperref Info: Link coloring ON on input line 330.
 (./ThesisNotes.out) (./ThesisNotes.out)
\@outlinefile=\write5
\openout5 = `ThesisNotes.out'.

LaTeX Font Info:    Font shape `T1/LinuxLibertineT-TLF/m/sc' will be
(Font)              scaled to size 10.95pt on input line 332.
LaTeX Font Info:    Font shape `T1/LinuxLibertineT-TLF/m/sc' will be
(Font)              scaled to size 17.28pt on input line 346.
LaTeX Font Info:    Font shape `T1/LinuxLibertineT-TLF/m/sc' will be
(Font)              scaled to size 24.88pt on input line 346.
LaTeX Font Info:    Font shape `T1/LinuxLibertineT-TLF/m/sc' will be
(Font)              scaled to size 12.0pt on input line 346.
LaTeX Font Info:    Trying to load font information for OT1+ppl on input line 346.
 (/usr/local/texlive/2023/texmf-dist/tex/latex/psnfss/ot1ppl.fd
File: ot1ppl.fd 2001/06/04 font definitions for OT1/ppl.
)
LaTeX Font Info:    Trying to load font information for OML+zplm on input line 346.
 (/usr/local/texlive/2023/texmf-dist/tex/latex/psnfss/omlzplm.fd
File: omlzplm.fd 2002/09/08 Fontinst v1.914 font definitions for OML/zplm.
)
LaTeX Font Info:    Trying to load font information for OMS+zplm on input line 346.
 (/usr/local/texlive/2023/texmf-dist/tex/latex/psnfss/omszplm.fd
File: omszplm.fd 2002/09/08 Fontinst v1.914 font definitions for OMS/zplm.
)
LaTeX Font Info:    Trying to load font information for OMX+zplm on input line 346.
 (/usr/local/texlive/2023/texmf-dist/tex/latex/psnfss/omxzplm.fd
File: omxzplm.fd 2002/09/08 Fontinst v1.914 font definitions for OMX/zplm.
)
LaTeX Font Info:    Font shape `U/msa/m/n' will be
(Font)              scaled to size 12.50409pt on input line 346.
LaTeX Font Info:    Font shape `U/msa/m/n' will be
(Font)              scaled to size 9.37807pt on input line 346.
LaTeX Font Info:    Font shape `U/msa/m/n' will be
(Font)              scaled to size 7.29405pt on input line 346.
LaTeX Font Info:    Font shape `U/msb/m/n' will be
(Font)              scaled to size 12.50409pt on input line 346.
LaTeX Font Info:    Font shape `U/msb/m/n' will be
(Font)              scaled to size 9.37807pt on input line 346.
LaTeX Font Info:    Font shape `U/msb/m/n' will be
(Font)              scaled to size 7.29405pt on input line 346.
LaTeX Font Info:    Trying to load font information for U+stmry on input line 346.
 (/usr/local/texlive/2023/texmf-dist/tex/latex/stmaryrd/Ustmry.fd)
LaTeX Font Info:    Trying to load font information for U+rsfs on input line 346.
 (/usr/local/texlive/2023/texmf-dist/tex/latex/jknapltx/ursfs.fd
File: ursfs.fd 1998/03/24 rsfs font definition file (jk)
)
LaTeX Font Info:    Trying to load font information for OT1+zplm on input line 346.
 (/usr/local/texlive/2023/texmf-dist/tex/latex/psnfss/ot1zplm.fd
File: ot1zplm.fd 2002/09/08 Fontinst v1.914 font definitions for OT1/zplm.
)
LaTeX Font Info:    Font shape `T1/LinuxLibertineT-TLF/m/sc' will be
(Font)              scaled to size 14.4pt on input line 346.
LaTeX Font Info:    Font shape `T1/LinuxLibertineT-TLF/m/n' will be
(Font)              scaled to size 14.4pt on input line 346.
<SU_Seal_Red.png, id=122, 371.3875pt x 371.3875pt>
File: SU_Seal_Red.png Graphic file (type png)
<use SU_Seal_Red.png>
Package pdftex.def Info: SU_Seal_Red.png  used on input line 346.
(pdftex.def)             Requested size: 126.47249pt x 126.46841pt.
 [1


{/usr/local/texlive/2023/texmf-var/fonts/map/pdftex/updmap/pdftex.map}{/usr/local/texlive/2023/texmf-dist/fonts/enc/dvips/libertine/lbtn_ncsllp.enc} <./SU_Seal_Red.png>]
LaTeX Font Info:    Font shape `T1/LinuxLibertineT-TLF/m/n' will be
(Font)              scaled to size 17.28pt on input line 359.
LaTeX Font Info:    Font shape `T1/LinuxLibertineT-TLF/b/n' will be
(Font)              scaled to size 17.28pt on input line 359.
LaTeX Font Info:    Font shape `T1/LinuxLibertineT-TLF/b/n' will be
(Font)              scaled to size 24.88pt on input line 359.
LaTeX Font Info:    Font shape `T1/LinuxLibertineT-TLF/b/sc' will be
(Font)              scaled to size 24.88pt on input line 359.
 (./ThesisNotes.toc
LaTeX Font Info:    Font shape `T1/LinuxLibertineT-TLF/b/n' will be
(Font)              scaled to size 10.95pt on input line 2.
LaTeX Font Info:    Font shape `U/msa/m/n' will be
(Font)              scaled to size 11.40997pt on input line 2.
LaTeX Font Info:    Font shape `U/msa/m/n' will be
(Font)              scaled to size 8.33606pt on input line 2.
LaTeX Font Info:    Font shape `U/msa/m/n' will be
(Font)              scaled to size 6.25204pt on input line 2.
LaTeX Font Info:    Font shape `U/msb/m/n' will be
(Font)              scaled to size 11.40997pt on input line 2.
LaTeX Font Info:    Font shape `U/msb/m/n' will be
(Font)              scaled to size 8.33606pt on input line 2.
LaTeX Font Info:    Font shape `U/msb/m/n' will be
(Font)              scaled to size 6.25204pt on input line 2.
LaTeX Font Info:    Trying to load font information for U+fplmbb on input line 27.
 (/usr/local/texlive/2023/texmf-dist/tex/latex/psnfss/ufplmbb.fd
File: ufplmbb.fd 2003/10/30 Fontinst v1.914 font definitions for U/fplmbb.
))
\tf@toc=\write6
\openout6 = `ThesisNotes.toc'.

 [2

{/usr/local/texlive/2023/texmf-dist/fonts/enc/dvips/libertine/lbtn_tlukpt.enc}{/usr/local/texlive/2023/texmf-dist/fonts/enc/dvips/libertine/lbtn_nh77jq.enc}{/usr/local/texlive/2023/texmf-dist/fonts/enc/dvips/libertine/lbtn_76gpa5.enc}{/usr/local/texlive/2023/texmf-dist/fonts/enc/dvips/base/8r.enc}]
Chapter .
LaTeX Font Info:    Font shape `T1/LinuxLibertineT-TLF/m/n' will be
(Font)              scaled to size 20.74pt on input line 364.
LaTeX Font Info:    Font shape `T1/LinuxLibertineT-TLF/m/sc' will be
(Font)              scaled to size 20.74pt on input line 364.

Package hyperref Warning: The anchor of a bookmark and its parent's must not
(hyperref)                be the same. Added a new anchor on input line 366.


Underfull \hbox (badness 10000) in paragraph at lines 369--370

 []


Underfull \hbox (badness 10000) in paragraph at lines 372--375

 []

[3

]
Package mdframed Info: mdframed works in twoside mode on input line 389.
Package mdframed Info: mdframed detected package amsthm 
 changed the theorem header of amsthm
(mdframed)              on input line 389.
Package hyperref Info: bookmark level for unknown defn defaults to 0 on input line 389.
LaTeX Font Info:    Font shape `T1/LinuxLibertineT-TLF/m/n' will be
(Font)              scaled to size 8.0pt on input line 389.
LaTeX Font Info:    Font shape `T1/LinuxLibertineT-TLF/m/n' will be
(Font)              scaled to size 6.0pt on input line 389.
Package mdframed Info: mdframed works in twoside mode on input line 392.
Package mdframed Info: mdframed detected package amsthm 
 changed the theorem header of amsthm
(mdframed)              on input line 392.
Package hyperref Info: bookmark level for unknown example defaults to 0 on input line 392.
Package mdframed Info: mdframed works in twoside mode on input line 395.
Package mdframed Info: mdframed detected package amsthm 
 changed the theorem header of amsthm
(mdframed)              on input line 395.
Package hyperref Info: bookmark level for unknown theorem defaults to 0 on input line 395.

Overfull \hbox (6.7255pt too wide) in paragraph at lines 395--396
[][][]\T1/LinuxLibertineT-TLF/m/sc/10.95 Theorem \T1/LinuxLibertineT-TLF/m/n/10.95 0.0.3. [][]A neutrally-toned gray-shaded, box to house an im-por-tant re-sult, whether that be a Theorem$[]$
 []


Underfull \hbox (badness 10000) in paragraph at lines 398--399

 []


Underfull \hbox (badness 10000) in paragraph at lines 400--401

 []

LaTeX Font Info:    Trying to load font information for TS1+LinuxLibertineT-TLF on input line 408.
(/usr/local/texlive/2023/texmf-dist/tex/latex/libertine/TS1LinuxLibertineT-TLF.fd
File: TS1LinuxLibertineT-TLF.fd 2017/03/20 (autoinst) Font definitions for TS1/LinuxLibertineT-TLF.
)
LaTeX Font Info:    Font shape `TS1/LinuxLibertineT-TLF/m/n' will be
(Font)              scaled to size 10.95pt on input line 408.
LaTeX Font Info:    Font shape `T1/LinuxLibertineT-TLF/m/n' will be
(Font)              scaled to size 9.0pt on input line 412.
 [4{/usr/local/texlive/2023/texmf-dist/fonts/enc/dvips/libertine/lbtn_naooyc.enc}]
LaTeX Font Info:    Font shape `U/msa/m/n' will be
(Font)              scaled to size 5.21004pt on input line 429.
LaTeX Font Info:    Font shape `U/msb/m/n' will be
(Font)              scaled to size 5.21004pt on input line 429.
LaTeX Font Info:    Font shape `T1/LinuxLibertineT-TLF/m/n' will be
(Font)              scaled to size 7.0pt on input line 429.
 [5]

LaTeX Warning: Reference `section: Pontryagin Duality' on page 6 undefined on input line 439.

[6] [7]
Chapter I.
LaTeX Font Info:    Font shape `T1/LinuxLibertineT-TLF/m/it' will be
(Font)              scaled to size 10.95pt on input line 454.
LaTeX Font Info:    Font shape `T1/LinuxLibertineT-TLF/m/it' will be
(Font)              scaled to size 10.0pt on input line 454.
LaTeX Font Info:    Font shape `U/msa/m/n' will be
(Font)              scaled to size 10.42007pt on input line 454.
LaTeX Font Info:    Font shape `U/msa/m/n' will be
(Font)              scaled to size 7.91925pt on input line 454.
LaTeX Font Info:    Font shape `U/msb/m/n' will be
(Font)              scaled to size 10.42007pt on input line 454.
LaTeX Font Info:    Font shape `U/msb/m/n' will be
(Font)              scaled to size 7.91925pt on input line 454.
LaTeX Font Info:    Font shape `T1/LinuxLibertineT-TLF/b/it' will be
(Font)              scaled to size 10.0pt on input line 454.

Underfull \hbox (badness 10000) in paragraph at lines 459--460

 []


Underfull \hbox (badness 10000) in paragraph at lines 461--462

 []

Package mdframed Info: mdframed works in twoside mode on input line 467.
Package mdframed Info: mdframed detected package amsthm 
 changed the theorem header of amsthm
(mdframed)              on input line 467.
Package hyperref Info: bookmark level for unknown remark defaults to 0 on input line 467.
[8

{/usr/local/texlive/2023/texmf-dist/fonts/enc/dvips/libertine/lbtn_7grukw.enc}{/usr/local/texlive/2023/texmf-dist/fonts/enc/dvips/libertine/lbtn_ki75ao.enc}]
LaTeX Font Info:    Font shape `T1/LinuxLibertineT-TLF/b/n' will be
(Font)              scaled to size 14.4pt on input line 471.
LaTeX Font Info:    Font shape `T1/LinuxLibertineT-TLF/b/sc' will be
(Font)              scaled to size 14.4pt on input line 471.
Package mdframed Info: mdframed works in twoside mode on input line 483.
Package mdframed Info: mdframed detected package amsthm 
 changed the theorem header of amsthm
(mdframed)              on input line 483.
Package hyperref Info: bookmark level for unknown warning defaults to 0 on input line 483.

Underfull \hbox (badness 10000) in paragraph at lines 487--488

 []

Package mdframed Info: mdframed works in twoside mode on input line 493.
Package mdframed Info: mdframed detected package amsthm 
 changed the theorem header of amsthm
(mdframed)              on input line 493.
Package mdframed Info: mdframed works in twoside mode on input line 500.
Package mdframed Info: mdframed detected package amsthm 
 changed the theorem header of amsthm
(mdframed)              on input line 500.
Package mdframed Info: mdframed works in twoside mode on input line 508.
Package mdframed Info: mdframed detected package amsthm 
 changed the theorem header of amsthm
(mdframed)              on input line 508.
[9]
Package mdframed Info: mdframed works in twoside mode on input line 518.
Package mdframed Info: mdframed detected package amsthm 
 changed the theorem header of amsthm
(mdframed)              on input line 518.
Package hyperref Info: bookmark level for unknown observation defaults to 0 on input line 518.
Package mdframed Info: mdframed works in twoside mode on input line 541.
Package mdframed Info: mdframed detected package amsthm 
 changed the theorem header of amsthm
(mdframed)              on input line 541.
Package hyperref Info: bookmark level for unknown prop defaults to 0 on input line 541.
 [10]
Package mdframed Info: mdframed works in twoside mode on input line 569.
Package mdframed Info: mdframed detected package amsthm 
 changed the theorem header of amsthm
(mdframed)              on input line 569.

Underfull \hbox (badness 10000) in paragraph at lines 571--572

 []

Package mdframed Info: mdframed works in twoside mode on input line 581.
Package mdframed Info: mdframed detected package amsthm 
 changed the theorem header of amsthm
(mdframed)              on input line 581.
Package mdframed Info: mdframed works in twoside mode on input line 588.
Package mdframed Info: mdframed detected package amsthm 
 changed the theorem header of amsthm
(mdframed)              on input line 588.
[11]
Package mdframed Info: Not enough space on this page on input line 589.

Underfull \hbox (badness 10000) in paragraph at lines 597--599

 []

Package mdframed Info: mdframed works in twoside mode on input line 603.
Package mdframed Info: mdframed detected package amsthm 
 changed the theorem header of amsthm
(mdframed)              on input line 603.
Package mdframed Info: mdframed works in twoside mode on input line 616.
Package mdframed Info: mdframed detected package amsthm 
 changed the theorem header of amsthm
(mdframed)              on input line 616.
Package mdframed Info: mdframed works in twoside mode on input line 622.
Package mdframed Info: mdframed detected package amsthm 
 changed the theorem header of amsthm
(mdframed)              on input line 622.
Package mdframed Info: mdframed works in twoside mode on input line 631.
Package mdframed Info: mdframed detected package amsthm 
 changed the theorem header of amsthm
(mdframed)              on input line 631.
[12]
Package mdframed Info: mdframed works in twoside mode on input line 647.
Package mdframed Info: mdframed detected package amsthm 
 changed the theorem header of amsthm
(mdframed)              on input line 647.
 [13]
Package mdframed Info: mdframed works in twoside mode on input line 679.
Package mdframed Info: mdframed detected package amsthm 
 changed the theorem header of amsthm
(mdframed)              on input line 679.

Underfull \hbox (badness 10000) in paragraph at lines 699--701

 []

[14]
Package mdframed Info: mdframed works in twoside mode on input line 731.
Package mdframed Info: mdframed detected package amsthm 
 changed the theorem header of amsthm
(mdframed)              on input line 731.
Package mdframed Info: mdframed works in twoside mode on input line 741.
Package mdframed Info: mdframed detected package amsthm 
 changed the theorem header of amsthm
(mdframed)              on input line 741.
 [15]
Package mdframed Info: mdframed works in twoside mode on input line 777.
Package mdframed Info: mdframed detected package amsthm 
 changed the theorem header of amsthm
(mdframed)              on input line 777.
Package mdframed Info: mdframed works in twoside mode on input line 782.
Package mdframed Info: mdframed detected package amsthm 
 changed the theorem header of amsthm
(mdframed)              on input line 782.
Package mdframed Info: mdframed works in twoside mode on input line 788.
Package mdframed Info: mdframed detected package amsthm 
 changed the theorem header of amsthm
(mdframed)              on input line 788.
Package mdframed Info: mdframed works in twoside mode on input line 801.
Package mdframed Info: mdframed detected package amsthm 
 changed the theorem header of amsthm
(mdframed)              on input line 801.
Package mdframed Info: mdframed works in twoside mode on input line 807.
Package mdframed Info: mdframed detected package amsthm 
 changed the theorem header of amsthm
(mdframed)              on input line 807.
 [16]
Package mdframed Info: mdframed works in twoside mode on input line 821.
Package mdframed Info: mdframed detected package amsthm 
 changed the theorem header of amsthm
(mdframed)              on input line 821.
Package hyperref Info: bookmark level for unknown lemma defaults to 0 on input line 821.

Underfull \hbox (badness 10000) in paragraph at lines 838--840

 []

[17]
Package mdframed Info: mdframed works in twoside mode on input line 864.
Package mdframed Info: mdframed detected package amsthm 
 changed the theorem header of amsthm
(mdframed)              on input line 864.
 [18]
Package mdframed Info: mdframed works in twoside mode on input line 897.
Package mdframed Info: mdframed detected package amsthm 
 changed the theorem header of amsthm
(mdframed)              on input line 897.
Package hyperref Info: bookmark level for unknown corollary defaults to 0 on input line 897.
Package mdframed Info: mdframed works in twoside mode on input line 909.
Package mdframed Info: mdframed detected package amsthm 
 changed the theorem header of amsthm
(mdframed)              on input line 909.
 [19]
Package mdframed Info: mdframed works in twoside mode on input line 940.
Package mdframed Info: mdframed detected package amsthm 
 changed the theorem header of amsthm
(mdframed)              on input line 940.
Package mdframed Info: mdframed works in twoside mode on input line 946.
Package mdframed Info: mdframed detected package amsthm 
 changed the theorem header of amsthm
(mdframed)              on input line 946.
 [20]
Package mdframed Info: mdframed works in twoside mode on input line 976.
Package mdframed Info: mdframed detected package amsthm 
 changed the theorem header of amsthm
(mdframed)              on input line 976.
Package mdframed Info: Not enough space on this page on input line 983.
Package mdframed Info: mdframed works in twoside mode on input line 989.
Package mdframed Info: mdframed detected package amsthm 
 changed the theorem header of amsthm
(mdframed)              on input line 989.
Package hyperref Info: bookmark level for unknown proposition defaults to 0 on input line 989.
Package mdframed Info: mdframed works in twoside mode on input line 1004.
Package mdframed Info: mdframed detected package amsthm 
 changed the theorem header of amsthm
(mdframed)              on input line 1004.
Package mdframed Info: mdframed works in twoside mode on input line 1011.
Package mdframed Info: mdframed detected package amsthm 
 changed the theorem header of amsthm
(mdframed)              on input line 1011.

Underfull \hbox (badness 10000) in paragraph at lines 1015--1018

 []

[21]
Package mdframed Info: mdframed works in twoside mode on input line 1025.
Package mdframed Info: mdframed detected package amsthm 
 changed the theorem header of amsthm
(mdframed)              on input line 1025.
Package mdframed Info: mdframed works in twoside mode on input line 1042.
Package mdframed Info: mdframed detected package amsthm 
 changed the theorem header of amsthm
(mdframed)              on input line 1042.
Package mdframed Info: mdframed works in twoside mode on input line 1046.
Package mdframed Info: mdframed detected package amsthm 
 changed the theorem header of amsthm
(mdframed)              on input line 1046.
 [22]
Package mdframed Info: mdframed works in twoside mode on input line 1082.
Package mdframed Info: mdframed detected package amsthm 
 changed the theorem header of amsthm
(mdframed)              on input line 1082.
Package mdframed Info: mdframed works in twoside mode on input line 1090.
Package mdframed Info: mdframed detected package amsthm 
 changed the theorem header of amsthm
(mdframed)              on input line 1090.
Package hyperref Info: bookmark level for unknown sanitycheck defaults to 0 on input line 1090.
Package mdframed Info: mdframed works in twoside mode on input line 1099.
Package mdframed Info: mdframed detected package amsthm 
 changed the theorem header of amsthm
(mdframed)              on input line 1099.
Package mdframed Info: mdframed works in twoside mode on input line 1104.
Package mdframed Info: mdframed detected package amsthm 
 changed the theorem header of amsthm
(mdframed)              on input line 1104.
Package mdframed Info: mdframed works in twoside mode on input line 1111.
Package mdframed Info: mdframed detected package amsthm 
 changed the theorem header of amsthm
(mdframed)              on input line 1111.
 [23]
Package mdframed Info: Not enough space on this page on input line 1113.
Package mdframed Info: mdframed works in twoside mode on input line 1115.
Package mdframed Info: mdframed detected package amsthm 
 changed the theorem header of amsthm
(mdframed)              on input line 1115.
Package mdframed Info: mdframed works in twoside mode on input line 1129.
Package mdframed Info: mdframed detected package amsthm 
 changed the theorem header of amsthm
(mdframed)              on input line 1129.
Package mdframed Info: mdframed works in twoside mode on input line 1151.
Package mdframed Info: mdframed detected package amsthm 
 changed the theorem header of amsthm
(mdframed)              on input line 1151.
Package mdframed Info: mdframed works in twoside mode on input line 1162.
Package mdframed Info: mdframed detected package amsthm 
 changed the theorem header of amsthm
(mdframed)              on input line 1162.
Package mdframed Info: mdframed works in twoside mode on input line 1167.
Package mdframed Info: mdframed detected package amsthm 
 changed the theorem header of amsthm
(mdframed)              on input line 1167.
 [24]
Package mdframed Info: Not enough space on this page on input line 1169.

Underfull \hbox (badness 10000) in paragraph at lines 1183--1186

 []

Package mdframed Info: mdframed works in twoside mode on input line 1201.
Package mdframed Info: mdframed detected package amsthm 
 changed the theorem header of amsthm
(mdframed)              on input line 1201.
[25]
Package mdframed Info: Not enough space on this page on input line 1203.


LaTeX Warning: Reference `eqn: ideles inject into A_K^2' on page 26 undefined on input line 1205.

Package mdframed Info: mdframed works in twoside mode on input line 1209.
Package mdframed Info: mdframed detected package amsthm 
 changed the theorem header of amsthm
(mdframed)              on input line 1209.
Package mdframed Info: mdframed works in twoside mode on input line 1213.
Package mdframed Info: mdframed detected package amsthm 
 changed the theorem header of amsthm
(mdframed)              on input line 1213.

LaTeX Warning: Reference `subsection: Hecke L Function' on page 26 undefined on input line 1215.

Package mdframed Info: mdframed works in twoside mode on input line 1220.
Package mdframed Info: mdframed detected package amsthm 
 changed the theorem header of amsthm
(mdframed)              on input line 1220.
Package mdframed Info: mdframed inside a box 
 mdframed uses option nobreak mdframed on input line 1222.
[26]
Package mdframed Info: mdframed works in twoside mode on input line 1251.
Package mdframed Info: mdframed detected package amsthm 
 changed the theorem header of amsthm
(mdframed)              on input line 1251.
Package mdframed Info: mdframed works in twoside mode on input line 1267.
Package mdframed Info: mdframed detected package amsthm 
 changed the theorem header of amsthm
(mdframed)              on input line 1267.
Package mdframed Info: mdframed works in twoside mode on input line 1277.
Package mdframed Info: mdframed detected package amsthm 
 changed the theorem header of amsthm
(mdframed)              on input line 1277.
Package mdframed Info: mdframed works in twoside mode on input line 1281.
Package mdframed Info: mdframed detected package amsthm 
 changed the theorem header of amsthm
(mdframed)              on input line 1281.
Package mdframed Info: mdframed works in twoside mode on input line 1284.
Package mdframed Info: mdframed detected package amsthm 
 changed the theorem header of amsthm
(mdframed)              on input line 1284.
 [27]
Package mdframed Info: Not enough space on this page on input line 1287.
Package mdframed Info: mdframed works in twoside mode on input line 1312.
Package mdframed Info: mdframed detected package amsthm 
 changed the theorem header of amsthm
(mdframed)              on input line 1312.
Package mdframed Info: mdframed works in twoside mode on input line 1317.
Package mdframed Info: mdframed detected package amsthm 
 changed the theorem header of amsthm
(mdframed)              on input line 1317.
Package mdframed Info: mdframed works in twoside mode on input line 1334.
Package mdframed Info: mdframed detected package amsthm 
 changed the theorem header of amsthm
(mdframed)              on input line 1334.
 [28]
Package mdframed Info: Not enough space on this page on input line 1341.
Package mdframed Info: mdframed works in twoside mode on input line 1346.
Package mdframed Info: mdframed detected package amsthm 
 changed the theorem header of amsthm
(mdframed)              on input line 1346.
Package mdframed Info: mdframed works in twoside mode on input line 1365.
Package mdframed Info: mdframed detected package amsthm 
 changed the theorem header of amsthm
(mdframed)              on input line 1365.
 [29]
Package mdframed Info: mdframed works in twoside mode on input line 1392.
Package mdframed Info: mdframed detected package amsthm 
 changed the theorem header of amsthm
(mdframed)              on input line 1392.
Package mdframed Info: mdframed works in twoside mode on input line 1399.
Package mdframed Info: mdframed detected package amsthm 
 changed the theorem header of amsthm
(mdframed)              on input line 1399.

Overfull \hbox (12.99583pt too wide) in paragraph at lines 1411--1415
\T1/LinuxLibertineT-TLF/m/n/10.95 also have fi-nite pos-i-tive mea-sure by com-pact-ness of the quo-tient. We now de-fine our con-stant $\OML/zplm/m/it/10.95 C \OT1/zplm/m/n/10.95 :=  \OT1/ppl/m/n/10.95 d\OML/zplm/m/it/10.95 x \OT1/zplm/m/n/10.95 (\OML/zplm/m/it/10.95 D[]\OT1/zplm/m/n/10.95 )/ \OT1/ppl/m/n/10.95 d\OML/zplm/m/it/10.95 x \OT1/zplm/m/n/10.95 (\OML/zplm/m/it/10.95 D\OT1/zplm/m/n/10.95 )$\T1/LinuxLibertineT-TLF/m/n/10.95 . 
 []

[30]
Package mdframed Info: mdframed works in twoside mode on input line 1445.
Package mdframed Info: mdframed detected package amsthm 
 changed the theorem header of amsthm
(mdframed)              on input line 1445.
Package mdframed Info: mdframed works in twoside mode on input line 1452.
Package mdframed Info: mdframed detected package amsthm 
 changed the theorem header of amsthm
(mdframed)              on input line 1452.
 [31]
Package mdframed Info: mdframed works in twoside mode on input line 1485.
Package mdframed Info: mdframed detected package amsthm 
 changed the theorem header of amsthm
(mdframed)              on input line 1485.

Underfull \hbox (badness 10000) in paragraph at lines 1497--1498

 []

Package mdframed Info: mdframed works in twoside mode on input line 1499.
Package mdframed Info: mdframed detected package amsthm 
 changed the theorem header of amsthm
(mdframed)              on input line 1499.
[32]
LaTeX Font Info:    Font shape `U/msa/m/n' will be
(Font)              scaled to size 15.0049pt on input line 1511.
LaTeX Font Info:    Font shape `U/msb/m/n' will be
(Font)              scaled to size 15.0049pt on input line 1511.


Package hyperref Warning: Token not allowed in a PDF string (Unicode):
(hyperref)                removing `math shift' on input line 1511.


Package hyperref Warning: Token not allowed in a PDF string (Unicode):
(hyperref)                removing `math shift' on input line 1511.

Package mdframed Info: mdframed works in twoside mode on input line 1521.
Package mdframed Info: mdframed detected package amsthm 
 changed the theorem header of amsthm
(mdframed)              on input line 1521.
Package mdframed Info: mdframed works in twoside mode on input line 1525.
Package mdframed Info: mdframed detected package amsthm 
 changed the theorem header of amsthm
(mdframed)              on input line 1525.
Package mdframed Info: mdframed works in twoside mode on input line 1549.
Package mdframed Info: mdframed detected package amsthm 
 changed the theorem header of amsthm
(mdframed)              on input line 1549.
Package mdframed Info: mdframed works in twoside mode on input line 1554.
Package mdframed Info: mdframed detected package amsthm 
 changed the theorem header of amsthm
(mdframed)              on input line 1554.

Package mdframed Warning: You got a bad break
(mdframed)                because the last box will be empty
(mdframed)                you have to change it manually
(mdframed)                by changing the text, the space
(mdframed)                or something else on input line 1561.

[33]
Package mdframed Info: mdframed works in twoside mode on input line 1564.
Package mdframed Info: mdframed detected package amsthm 
 changed the theorem header of amsthm
(mdframed)              on input line 1564.
Package mdframed Info: mdframed works in twoside mode on input line 1572.
Package mdframed Info: mdframed detected package amsthm 
 changed the theorem header of amsthm
(mdframed)              on input line 1572.
Package mdframed Info: mdframed works in twoside mode on input line 1584.
Package mdframed Info: mdframed detected package amsthm 
 changed the theorem header of amsthm
(mdframed)              on input line 1584.
 [34]
Package mdframed Info: mdframed works in twoside mode on input line 1636.
Package mdframed Info: mdframed detected package amsthm 
 changed the theorem header of amsthm
(mdframed)              on input line 1636.
Package mdframed Info: mdframed works in twoside mode on input line 1644.
Package mdframed Info: mdframed detected package amsthm 
 changed the theorem header of amsthm
(mdframed)              on input line 1644.
 [35]
Package mdframed Info: mdframed works in twoside mode on input line 1652.
Package mdframed Info: mdframed detected package amsthm 
 changed the theorem header of amsthm
(mdframed)              on input line 1652.
Package mdframed Info: mdframed works in twoside mode on input line 1661.
Package mdframed Info: mdframed detected package amsthm 
 changed the theorem header of amsthm
(mdframed)              on input line 1661.
 [36]
Chapter II.

Package hyperref Warning: Token not allowed in a PDF string (Unicode):
(hyperref)                removing `math shift' on input line 1674.


Package hyperref Warning: Token not allowed in a PDF string (Unicode):
(hyperref)                removing `\mathop' on input line 1674.


Package hyperref Warning: Token not allowed in a PDF string (Unicode):
(hyperref)                removing `\mathcode' on input line 1674.


Package hyperref Warning: Token not allowed in a PDF string (Unicode):
(hyperref)                removing `\mathcode' on input line 1674.


Package hyperref Warning: Token not allowed in a PDF string (Unicode):
(hyperref)                removing `\mathcode' on input line 1674.


Package hyperref Warning: Token not allowed in a PDF string (Unicode):
(hyperref)                removing `\mathchardef' on input line 1674.


Package hyperref Warning: Token not allowed in a PDF string (Unicode):
(hyperref)                removing `\std@minus' on input line 1674.


Package hyperref Warning: Token not allowed in a PDF string (Unicode):
(hyperref)                removing `\mathcode' on input line 1674.


Package hyperref Warning: Token not allowed in a PDF string (Unicode):
(hyperref)                removing `\mathcode' on input line 1674.


Package hyperref Warning: Token not allowed in a PDF string (Unicode):
(hyperref)                removing `\mathcode' on input line 1674.


Package hyperref Warning: Token not allowed in a PDF string (Unicode):
(hyperref)                removing `\mathcode' on input line 1674.


Package hyperref Warning: Token not allowed in a PDF string (Unicode):
(hyperref)                removing `\leavevmode@ifvmode' on input line 1674.


Package hyperref Warning: Token not allowed in a PDF string (Unicode):
(hyperref)                \kern 2.43306pt
(hyperref)                removed on input line 1674.


Package hyperref Warning: Token not allowed in a PDF string (Unicode):
(hyperref)                removing `\mathgroup' on input line 1674.


Package hyperref Warning: Token not allowed in a PDF string (Unicode):
(hyperref)                removing `\symoperators' on input line 1674.


Package hyperref Warning: Token not allowed in a PDF string (Unicode):
(hyperref)                removing `\@ifnextchar' on input line 1674.


Package hyperref Warning: Token not allowed in a PDF string (Unicode):
(hyperref)                removing `subscript' on input line 1674.


Package hyperref Warning: Token not allowed in a PDF string (Unicode):
(hyperref)                removing `math shift' on input line 1674.

LaTeX Font Info:    Font shape `U/msa/m/n' will be
(Font)              scaled to size 25.92514pt on input line 1674.
LaTeX Font Info:    Font shape `U/msa/m/n' will be
(Font)              scaled to size 21.61124pt on input line 1674.
LaTeX Font Info:    Font shape `U/msb/m/n' will be
(Font)              scaled to size 25.92514pt on input line 1674.
LaTeX Font Info:    Font shape `U/msb/m/n' will be
(Font)              scaled to size 21.61124pt on input line 1674.

Underfull \hbox (badness 10000) in paragraph at lines 1681--1682

 []


Underfull \hbox (badness 10000) in paragraph at lines 1683--1684

 []


Underfull \hbox (badness 10000) in paragraph at lines 1685--1686

 []

[37

]
Overfull \hbox (2.07903pt too wide) in paragraph at lines 1701--1704
\T1/LinuxLibertineT-TLF/m/n/10.95 for all poly-no-mi-als $\OML/zplm/m/it/10.95 p\OT1/zplm/m/n/10.95 (\OML/zplm/m/it/10.95 x\OT1/zplm/m/n/10.95 )$ \T1/LinuxLibertineT-TLF/m/n/10.95 and $\OML/zplm/m/it/10.95 k$\T1/LinuxLibertineT-TLF/m/n/10.95 -th deriva-tive op-er-a-tors $\OML/zplm/m/it/10.95 D[]$ \T1/LinuxLibertineT-TLF/m/n/10.95 (cor-re-spond-ing to $ \OT1/ppl/m/n/10.95 d[] \OT1/zplm/m/n/10.95 / \OT1/ppl/m/n/10.95 d\OML/zplm/m/it/10.95 x[] $ \T1/LinuxLibertineT-TLF/m/n/10.95 for $\OML/zplm/m/it/10.95 F \OT1/zplm/m/n/10.95 = \U/fplmbb/m/n/10.95 R$ \T1/LinuxLibertineT-TLF/m/n/10.95 and $\OML/zplm/m/it/10.95 @[]\OT1/zplm/m/n/10.95 /(\OML/zplm/m/it/10.95 @x[]@y[]\OT1/zplm/m/n/10.95 )$
 []

Package mdframed Info: mdframed works in twoside mode on input line 1704.
Package mdframed Info: mdframed detected package amsthm 
 changed the theorem header of amsthm
(mdframed)              on input line 1704.
LaTeX Font Info:    Font shape `T1/LinuxLibertineT-TLF/m/it' will be
(Font)              scaled to size 8.0pt on input line 1705.
LaTeX Font Info:    Font shape `T1/LinuxLibertineT-TLF/m/it' will be
(Font)              scaled to size 7.0pt on input line 1705.

Underfull \hbox (badness 10000) in paragraph at lines 1711--1712

 []

Package mdframed Info: mdframed works in twoside mode on input line 1720.
Package mdframed Info: mdframed detected package amsthm 
 changed the theorem header of amsthm
(mdframed)              on input line 1720.
Package mdframed Info: mdframed works in twoside mode on input line 1724.
Package mdframed Info: mdframed detected package amsthm 
 changed the theorem header of amsthm
(mdframed)              on input line 1724.
[38]
Package mdframed Info: Not enough space on this page on input line 1729.

Underfull \hbox (badness 10000) in paragraph at lines 1731--1732

 []

Package mdframed Info: mdframed works in twoside mode on input line 1769.
Package mdframed Info: mdframed detected package amsthm 
 changed the theorem header of amsthm
(mdframed)              on input line 1769.
[39]
Package mdframed Info: mdframed works in twoside mode on input line 1799.
Package mdframed Info: mdframed detected package amsthm 
 changed the theorem header of amsthm
(mdframed)              on input line 1799.
Package mdframed Info: mdframed works in twoside mode on input line 1808.
Package mdframed Info: mdframed detected package amsthm 
 changed the theorem header of amsthm
(mdframed)              on input line 1808.
Package mdframed Info: mdframed works in twoside mode on input line 1827.
Package mdframed Info: mdframed detected package amsthm 
 changed the theorem header of amsthm
(mdframed)              on input line 1827.
 [40]
Package mdframed Info: Not enough space on this page on input line 1828.
Package mdframed Info: mdframed works in twoside mode on input line 1856.
Package mdframed Info: mdframed detected package amsthm 
 changed the theorem header of amsthm
(mdframed)              on input line 1856.
 [41] [42]
Underfull \hbox (badness 10000) in paragraph at lines 1910--1912

 []

[43] [44]
Underfull \hbox (badness 10000) in paragraph at lines 2004--2006

 []

Package mdframed Info: mdframed works in twoside mode on input line 2012.
Package mdframed Info: mdframed detected package amsthm 
 changed the theorem header of amsthm
(mdframed)              on input line 2012.
Package mdframed Info: mdframed works in twoside mode on input line 2019.
Package mdframed Info: mdframed detected package amsthm 
 changed the theorem header of amsthm
(mdframed)              on input line 2019.
Package mdframed Info: mdframed works in twoside mode on input line 2025.
Package mdframed Info: mdframed detected package amsthm 
 changed the theorem header of amsthm
(mdframed)              on input line 2025.
[45]
Underfull \hbox (badness 10000) in paragraph at lines 2042--2044

 []

[46]
Underfull \hbox (badness 10000) in paragraph at lines 2091--2093

 []


Underfull \hbox (badness 10000) in paragraph at lines 2104--2106

 []

[47]
Underfull \hbox (badness 10000) in paragraph at lines 2119--2121

 []

[48]
Underfull \hbox (badness 10000) in paragraph at lines 2180--2181

 []

[49]
Package mdframed Info: mdframed works in twoside mode on input line 2237.
Package mdframed Info: mdframed detected package amsthm 
 changed the theorem header of amsthm
(mdframed)              on input line 2237.
 [50]
Package mdframed Info: mdframed works in twoside mode on input line 2282.
Package mdframed Info: mdframed detected package amsthm 
 changed the theorem header of amsthm
(mdframed)              on input line 2282.

Underfull \hbox (badness 10000) in paragraph at lines 2299--2301

 []

[51]
Package mdframed Info: mdframed works in twoside mode on input line 2330.
Package mdframed Info: mdframed detected package amsthm 
 changed the theorem header of amsthm
(mdframed)              on input line 2330.
Package mdframed Info: mdframed works in twoside mode on input line 2346.
Package mdframed Info: mdframed detected package amsthm 
 changed the theorem header of amsthm
(mdframed)              on input line 2346.
Package mdframed Info: mdframed works in twoside mode on input line 2354.
Package mdframed Info: mdframed detected package amsthm 
 changed the theorem header of amsthm
(mdframed)              on input line 2354.
Package mdframed Info: mdframed works in twoside mode on input line 2361.
Package mdframed Info: mdframed detected package amsthm 
 changed the theorem header of amsthm
(mdframed)              on input line 2361.
 [52]
Package mdframed Info: Not enough space on this page on input line 2363.
 [53]
Package mdframed Info: mdframed works in twoside mode on input line 2390.
Package mdframed Info: mdframed detected package amsthm 
 changed the theorem header of amsthm
(mdframed)              on input line 2390.
Package mdframed Info: mdframed works in twoside mode on input line 2402.
Package mdframed Info: mdframed detected package amsthm 
 changed the theorem header of amsthm
(mdframed)              on input line 2402.
Package mdframed Info: mdframed works in twoside mode on input line 2419.
Package mdframed Info: mdframed detected package amsthm 
 changed the theorem header of amsthm
(mdframed)              on input line 2419.
 [54]

LaTeX Warning: Reference `Product of integrals is Integral in restricted product' on page 55 undefined on input line 2431.

Package mdframed Info: mdframed works in twoside mode on input line 2436.
Package mdframed Info: mdframed detected package amsthm 
 changed the theorem header of amsthm
(mdframed)              on input line 2436.
[55]
Package mdframed Info: mdframed works in twoside mode on input line 2478.
Package mdframed Info: mdframed detected package amsthm 
 changed the theorem header of amsthm
(mdframed)              on input line 2478.
Package mdframed Info: mdframed works in twoside mode on input line 2500.
Package mdframed Info: mdframed detected package amsthm 
 changed the theorem header of amsthm
(mdframed)              on input line 2500.
Package mdframed Info: mdframed works in twoside mode on input line 2510.
Package mdframed Info: mdframed detected package amsthm 
 changed the theorem header of amsthm
(mdframed)              on input line 2510.

Underfull \hbox (badness 10000) in paragraph at lines 2513--2514

 []

LaTeX Font Info:    Font shape `T1/LinuxLibertineT-TLF/m/it' will be
(Font)              scaled to size 9.0pt on input line 2515.
[56]
Package mdframed Info: mdframed works in twoside mode on input line 2523.
Package mdframed Info: mdframed detected package amsthm 
 changed the theorem header of amsthm
(mdframed)              on input line 2523.
Package mdframed Info: mdframed works in twoside mode on input line 2536.
Package mdframed Info: mdframed detected package amsthm 
 changed the theorem header of amsthm
(mdframed)              on input line 2536.
Package mdframed Info: mdframed works in twoside mode on input line 2545.
Package mdframed Info: mdframed detected package amsthm 
 changed the theorem header of amsthm
(mdframed)              on input line 2545.
 [57]
Package mdframed Info: mdframed works in twoside mode on input line 2555.
Package mdframed Info: mdframed detected package amsthm 
 changed the theorem header of amsthm
(mdframed)              on input line 2555.
Package mdframed Info: mdframed works in twoside mode on input line 2575.
Package mdframed Info: mdframed detected package amsthm 
 changed the theorem header of amsthm
(mdframed)              on input line 2575.
 [58]
Package mdframed Info: mdframed works in twoside mode on input line 2608.
Package mdframed Info: mdframed detected package amsthm 
 changed the theorem header of amsthm
(mdframed)              on input line 2608.
Package mdframed Info: mdframed works in twoside mode on input line 2616.
Package mdframed Info: mdframed detected package amsthm 
 changed the theorem header of amsthm
(mdframed)              on input line 2616.

Underfull \hbox (badness 10000) in paragraph at lines 2629--2630

 []

[59]
Package mdframed Info: mdframed works in twoside mode on input line 2633.
Package mdframed Info: mdframed detected package amsthm 
 changed the theorem header of amsthm
(mdframed)              on input line 2633.
Package mdframed Info: mdframed works in twoside mode on input line 2664.
Package mdframed Info: mdframed detected package amsthm 
 changed the theorem header of amsthm
(mdframed)              on input line 2664.
 [60]
Package mdframed Info: mdframed works in twoside mode on input line 2674.
Package mdframed Info: mdframed detected package amsthm 
 changed the theorem header of amsthm
(mdframed)              on input line 2674.
Package mdframed Info: mdframed works in twoside mode on input line 2684.
Package mdframed Info: mdframed detected package amsthm 
 changed the theorem header of amsthm
(mdframed)              on input line 2684.
Package mdframed Info: mdframed works in twoside mode on input line 2688.
Package mdframed Info: mdframed detected package amsthm 
 changed the theorem header of amsthm
(mdframed)              on input line 2688.
Package mdframed Info: mdframed works in twoside mode on input line 2714.
Package mdframed Info: mdframed detected package amsthm 
 changed the theorem header of amsthm
(mdframed)              on input line 2714.
 [61]
Package mdframed Info: Not enough space on this page on input line 2722.
Package mdframed Info: mdframed works in twoside mode on input line 2725.
Package mdframed Info: mdframed detected package amsthm 
 changed the theorem header of amsthm
(mdframed)              on input line 2725.
Package mdframed Info: mdframed works in twoside mode on input line 2731.
Package mdframed Info: mdframed detected package amsthm 
 changed the theorem header of amsthm
(mdframed)              on input line 2731.
 [62]
Package mdframed Info: mdframed works in twoside mode on input line 2792.
Package mdframed Info: mdframed detected package amsthm 
 changed the theorem header of amsthm
(mdframed)              on input line 2792.
Package mdframed Info: mdframed works in twoside mode on input line 2797.
Package mdframed Info: mdframed detected package amsthm 
 changed the theorem header of amsthm
(mdframed)              on input line 2797.
Package mdframed Info: mdframed works in twoside mode on input line 2800.
Package mdframed Info: mdframed detected package amsthm 
 changed the theorem header of amsthm
(mdframed)              on input line 2800.
 [63]
Package mdframed Info: mdframed works in twoside mode on input line 2845.
Package mdframed Info: mdframed detected package amsthm 
 changed the theorem header of amsthm
(mdframed)              on input line 2845.
 [64]
Package mdframed Info: mdframed works in twoside mode on input line 2854.
Package mdframed Info: mdframed detected package amsthm 
 changed the theorem header of amsthm
(mdframed)              on input line 2854.
Package mdframed Info: mdframed works in twoside mode on input line 2865.
Package mdframed Info: mdframed detected package amsthm 
 changed the theorem header of amsthm
(mdframed)              on input line 2865.
 [65]
Package mdframed Info: mdframed works in twoside mode on input line 2914.
Package mdframed Info: mdframed detected package amsthm 
 changed the theorem header of amsthm
(mdframed)              on input line 2914.
Package mdframed Info: mdframed works in twoside mode on input line 2924.
Package mdframed Info: mdframed detected package amsthm 
 changed the theorem header of amsthm
(mdframed)              on input line 2924.
Package mdframed Info: mdframed works in twoside mode on input line 2930.
Package mdframed Info: mdframed detected package amsthm 
 changed the theorem header of amsthm
(mdframed)              on input line 2930.
 [66]
Package mdframed Info: Not enough space on this page on input line 2932.

Overfull \hbox (1.59448pt too wide) detected at line 2948
[]
 []

[67] [68] [69]
Underfull \hbox (badness 10000) in paragraph at lines 3027--3028

 []

Package mdframed Info: mdframed works in twoside mode on input line 3030.
Package mdframed Info: mdframed detected package amsthm 
 changed the theorem header of amsthm
(mdframed)              on input line 3030.
Package mdframed Info: mdframed works in twoside mode on input line 3042.
Package mdframed Info: mdframed detected package amsthm 
 changed the theorem header of amsthm
(mdframed)              on input line 3042.

Package hyperref Warning: Token not allowed in a PDF string (Unicode):
(hyperref)                removing `math shift' on input line 3060.


Package hyperref Warning: Token not allowed in a PDF string (Unicode):
(hyperref)                removing `math shift' on input line 3060.


Underfull \hbox (badness 10000) in paragraph at lines 3062--3063

 []

Package mdframed Info: mdframed works in twoside mode on input line 3065.
Package mdframed Info: mdframed detected package amsthm 
 changed the theorem header of amsthm
(mdframed)              on input line 3065.
[70]
Package mdframed Info: Not enough space on this page on input line 3070.
Package mdframed Info: mdframed works in twoside mode on input line 3074.
Package mdframed Info: mdframed detected package amsthm 
 changed the theorem header of amsthm
(mdframed)              on input line 3074.
 [71]

LaTeX Warning: Reference `section: Key Functional Equations' on page 72 undefined on input line 3118.

Package mdframed Info: mdframed works in twoside mode on input line 3121.
Package mdframed Info: mdframed detected package amsthm 
 changed the theorem header of amsthm
(mdframed)              on input line 3121.
[72]
Package mdframed Info: mdframed works in twoside mode on input line 3179.
Package mdframed Info: mdframed detected package amsthm 
 changed the theorem header of amsthm
(mdframed)              on input line 3179.
 [73]
Package mdframed Info: mdframed works in twoside mode on input line 3198.
Package mdframed Info: mdframed detected package amsthm 
 changed the theorem header of amsthm
(mdframed)              on input line 3198.
Package mdframed Info: mdframed works in twoside mode on input line 3214.
Package mdframed Info: mdframed detected package amsthm 
 changed the theorem header of amsthm
(mdframed)              on input line 3214.
Package mdframed Info: mdframed works in twoside mode on input line 3221.
Package mdframed Info: mdframed detected package amsthm 
 changed the theorem header of amsthm
(mdframed)              on input line 3221.
Package hyperref Info: bookmark level for unknown joke defaults to 0 on input line 3221.
Package mdframed Info: mdframed inside a box 
 mdframed uses option nobreak mdframed on input line 3222.
Package mdframed Info: mdframed works in twoside mode on input line 3233.
Package mdframed Info: mdframed detected package amsthm 
 changed the theorem header of amsthm
(mdframed)              on input line 3233.

Overfull \hbox (10.89993pt too wide) in paragraph at lines 3234--3235
\OML/zplm/m/it/10.95 S[]$\T1/LinuxLibertineT-TLF/m/n/10.95 , let $\OML/zplm/m/it/10.95 N[]$ \T1/LinuxLibertineT-TLF/m/n/10.95 be 1 if $\OML/zplm/m/it/10.95 v$ \T1/LinuxLibertineT-TLF/m/n/10.95 is real and 2 if it is com-plex. Con-sider the $\OT1/zplm/m/n/10.95 (\OML/zplm/m/it/10.95 r \OMS/zplm/m/n/10.95 ^^@ \OT1/ppl/m/n/10.95 1\OT1/zplm/m/n/10.95 ) \OMS/zplm/m/n/10.95 ^^B \OML/zplm/m/it/10.95 r$ \T1/LinuxLibertineT-TLF/m/n/10.95 ma-trix $\OML/zplm/m/it/10.95 M \OT1/zplm/m/n/10.95 := [][]$\T1/LinuxLibertineT-TLF/m/n/10.95 ,
 []


Underfull \hbox (badness 10000) in paragraph at lines 3237--3238

 []

[74]
Package mdframed Info: mdframed works in twoside mode on input line 3246.
Package mdframed Info: mdframed detected package amsthm 
 changed the theorem header of amsthm
(mdframed)              on input line 3246.
Package mdframed Info: mdframed works in twoside mode on input line 3262.
Package mdframed Info: mdframed detected package amsthm 
 changed the theorem header of amsthm
(mdframed)              on input line 3262.
Package mdframed Info: mdframed works in twoside mode on input line 3275.
Package mdframed Info: mdframed detected package amsthm 
 changed the theorem header of amsthm
(mdframed)              on input line 3275.
 [75] [76]
Package mdframed Info: mdframed works in twoside mode on input line 3355.
Package mdframed Info: mdframed detected package amsthm 
 changed the theorem header of amsthm
(mdframed)              on input line 3355.
Package mdframed Info: mdframed works in twoside mode on input line 3369.
Package mdframed Info: mdframed detected package amsthm 
 changed the theorem header of amsthm
(mdframed)              on input line 3369.
 [77]
Package mdframed Info: Not enough space on this page on input line 3371.
 [78]
Package mdframed Info: mdframed works in twoside mode on input line 3436.
Package mdframed Info: mdframed detected package amsthm 
 changed the theorem header of amsthm
(mdframed)              on input line 3436.
 [79]
Chapter III.

Package hyperref Warning: Token not allowed in a PDF string (Unicode):
(hyperref)                removing `math shift' on input line 3447.


Package hyperref Warning: Token not allowed in a PDF string (Unicode):
(hyperref)                removing `\mathop' on input line 3447.


Package hyperref Warning: Token not allowed in a PDF string (Unicode):
(hyperref)                removing `\mathcode' on input line 3447.


Package hyperref Warning: Token not allowed in a PDF string (Unicode):
(hyperref)                removing `\mathcode' on input line 3447.


Package hyperref Warning: Token not allowed in a PDF string (Unicode):
(hyperref)                removing `\mathcode' on input line 3447.


Package hyperref Warning: Token not allowed in a PDF string (Unicode):
(hyperref)                removing `\mathchardef' on input line 3447.


Package hyperref Warning: Token not allowed in a PDF string (Unicode):
(hyperref)                removing `\std@minus' on input line 3447.


Package hyperref Warning: Token not allowed in a PDF string (Unicode):
(hyperref)                removing `\mathcode' on input line 3447.


Package hyperref Warning: Token not allowed in a PDF string (Unicode):
(hyperref)                removing `\mathcode' on input line 3447.


Package hyperref Warning: Token not allowed in a PDF string (Unicode):
(hyperref)                removing `\mathcode' on input line 3447.


Package hyperref Warning: Token not allowed in a PDF string (Unicode):
(hyperref)                removing `\mathcode' on input line 3447.


Package hyperref Warning: Token not allowed in a PDF string (Unicode):
(hyperref)                removing `\leavevmode@ifvmode' on input line 3447.


Package hyperref Warning: Token not allowed in a PDF string (Unicode):
(hyperref)                \kern 2.43306pt
(hyperref)                removed on input line 3447.


Package hyperref Warning: Token not allowed in a PDF string (Unicode):
(hyperref)                removing `\mathgroup' on input line 3447.


Package hyperref Warning: Token not allowed in a PDF string (Unicode):
(hyperref)                removing `\symoperators' on input line 3447.


Package hyperref Warning: Token not allowed in a PDF string (Unicode):
(hyperref)                removing `\@ifnextchar' on input line 3447.


Package hyperref Warning: Token not allowed in a PDF string (Unicode):
(hyperref)                removing `subscript' on input line 3447.


Package hyperref Warning: Token not allowed in a PDF string (Unicode):
(hyperref)                removing `math shift' on input line 3447.

[80

]
Package mdframed Info: mdframed works in twoside mode on input line 3457.
Package mdframed Info: mdframed detected package amsthm 
 changed the theorem header of amsthm
(mdframed)              on input line 3457.
Package mdframed Info: mdframed works in twoside mode on input line 3478.
Package mdframed Info: mdframed detected package amsthm 
 changed the theorem header of amsthm
(mdframed)              on input line 3478.
Package mdframed Info: mdframed works in twoside mode on input line 3481.
Package mdframed Info: mdframed detected package amsthm 
 changed the theorem header of amsthm
(mdframed)              on input line 3481.
Package mdframed Info: mdframed works in twoside mode on input line 3490.
Package mdframed Info: mdframed detected package amsthm 
 changed the theorem header of amsthm
(mdframed)              on input line 3490.
Package mdframed Info: mdframed inside a box 
 mdframed uses option nobreak mdframed on input line 3492.
 [81]
Package mdframed Info: mdframed works in twoside mode on input line 3498.
Package mdframed Info: mdframed detected package amsthm 
 changed the theorem header of amsthm
(mdframed)              on input line 3498.

Underfull \hbox (badness 10000) in paragraph at lines 3517--3519

 []

Package mdframed Info: mdframed works in twoside mode on input line 3524.
Package mdframed Info: mdframed detected package amsthm 
 changed the theorem header of amsthm
(mdframed)              on input line 3524.
[82]
Package mdframed Info: mdframed works in twoside mode on input line 3531.
Package mdframed Info: mdframed detected package amsthm 
 changed the theorem header of amsthm
(mdframed)              on input line 3531.
Package mdframed Info: mdframed works in twoside mode on input line 3539.
Package mdframed Info: mdframed detected package amsthm 
 changed the theorem header of amsthm
(mdframed)              on input line 3539.
 [83]

Package hyperref Warning: Token not allowed in a PDF string (Unicode):
(hyperref)                removing `math shift' on input line 3558.


Package hyperref Warning: Token not allowed in a PDF string (Unicode):
(hyperref)                removing `\mathop' on input line 3558.


Package hyperref Warning: Token not allowed in a PDF string (Unicode):
(hyperref)                removing `\mathcode' on input line 3558.


Package hyperref Warning: Token not allowed in a PDF string (Unicode):
(hyperref)                removing `\mathcode' on input line 3558.


Package hyperref Warning: Token not allowed in a PDF string (Unicode):
(hyperref)                removing `\mathcode' on input line 3558.


Package hyperref Warning: Token not allowed in a PDF string (Unicode):
(hyperref)                removing `\mathchardef' on input line 3558.


Package hyperref Warning: Token not allowed in a PDF string (Unicode):
(hyperref)                removing `\std@minus' on input line 3558.


Package hyperref Warning: Token not allowed in a PDF string (Unicode):
(hyperref)                removing `\mathcode' on input line 3558.


Package hyperref Warning: Token not allowed in a PDF string (Unicode):
(hyperref)                removing `\mathcode' on input line 3558.


Package hyperref Warning: Token not allowed in a PDF string (Unicode):
(hyperref)                removing `\mathcode' on input line 3558.


Package hyperref Warning: Token not allowed in a PDF string (Unicode):
(hyperref)                removing `\mathcode' on input line 3558.


Package hyperref Warning: Token not allowed in a PDF string (Unicode):
(hyperref)                removing `\leavevmode@ifvmode' on input line 3558.


Package hyperref Warning: Token not allowed in a PDF string (Unicode):
(hyperref)                \kern 2.43306pt
(hyperref)                removed on input line 3558.


Package hyperref Warning: Token not allowed in a PDF string (Unicode):
(hyperref)                removing `\mathgroup' on input line 3558.


Package hyperref Warning: Token not allowed in a PDF string (Unicode):
(hyperref)                removing `\symoperators' on input line 3558.


Package hyperref Warning: Token not allowed in a PDF string (Unicode):
(hyperref)                removing `\@ifnextchar' on input line 3558.


Package hyperref Warning: Token not allowed in a PDF string (Unicode):
(hyperref)                removing `subscript' on input line 3558.


Package hyperref Warning: Token not allowed in a PDF string (Unicode):
(hyperref)                removing `subscript' on input line 3558.


Package hyperref Warning: Token not allowed in a PDF string (Unicode):
(hyperref)                removing `math shift' on input line 3558.

[84] [85

]

Package hyperref Warning: Suppressing empty link on input line 3582.

Package mdframed Info: mdframed works in twoside mode on input line 3585.
Package mdframed Info: mdframed detected package amsthm 
 changed the theorem header of amsthm
(mdframed)              on input line 3585.
Package mdframed Info: mdframed works in twoside mode on input line 3593.
Package mdframed Info: mdframed detected package amsthm 
 changed the theorem header of amsthm
(mdframed)              on input line 3593.
[86]
Package mdframed Info: mdframed works in twoside mode on input line 3626.
Package mdframed Info: mdframed detected package amsthm 
 changed the theorem header of amsthm
(mdframed)              on input line 3626.
Package mdframed Info: mdframed works in twoside mode on input line 3636.
Package mdframed Info: mdframed detected package amsthm 
 changed the theorem header of amsthm
(mdframed)              on input line 3636.
Package mdframed Info: mdframed works in twoside mode on input line 3643.
Package mdframed Info: mdframed detected package amsthm 
 changed the theorem header of amsthm
(mdframed)              on input line 3643.

Underfull \hbox (badness 10000) in paragraph at lines 3654--3656

 []

Package mdframed Info: mdframed works in twoside mode on input line 3659.
Package mdframed Info: mdframed detected package amsthm 
 changed the theorem header of amsthm
(mdframed)              on input line 3659.
[87]
Package mdframed Info: mdframed works in twoside mode on input line 3679.
Package mdframed Info: mdframed detected package amsthm 
 changed the theorem header of amsthm
(mdframed)              on input line 3679.
Package mdframed Info: mdframed works in twoside mode on input line 3691.
Package mdframed Info: mdframed detected package amsthm 
 changed the theorem header of amsthm
(mdframed)              on input line 3691.
Package mdframed Info: mdframed works in twoside mode on input line 3707.
Package mdframed Info: mdframed detected package amsthm 
 changed the theorem header of amsthm
(mdframed)              on input line 3707.
 [88]
Package mdframed Info: mdframed works in twoside mode on input line 3731.
Package mdframed Info: mdframed detected package amsthm 
 changed the theorem header of amsthm
(mdframed)              on input line 3731.
Package mdframed Info: mdframed works in twoside mode on input line 3741.
Package mdframed Info: mdframed detected package amsthm 
 changed the theorem header of amsthm
(mdframed)              on input line 3741.
Package mdframed Info: mdframed works in twoside mode on input line 3745.
Package mdframed Info: mdframed detected package amsthm 
 changed the theorem header of amsthm
(mdframed)              on input line 3745.
Package mdframed Info: mdframed works in twoside mode on input line 3753.
Package mdframed Info: mdframed detected package amsthm 
 changed the theorem header of amsthm
(mdframed)              on input line 3753.
Package mdframed Info: mdframed works in twoside mode on input line 3761.
Package mdframed Info: mdframed detected package amsthm 
 changed the theorem header of amsthm
(mdframed)              on input line 3761.
Package mdframed Info: mdframed works in twoside mode on input line 3770.
Package mdframed Info: mdframed detected package amsthm 
 changed the theorem header of amsthm
(mdframed)              on input line 3770.
Package mdframed Info: mdframed works in twoside mode on input line 3775.
Package mdframed Info: mdframed detected package amsthm 
 changed the theorem header of amsthm
(mdframed)              on input line 3775.
 [89]
Package mdframed Info: mdframed works in twoside mode on input line 3793.
Package mdframed Info: mdframed detected package amsthm 
 changed the theorem header of amsthm
(mdframed)              on input line 3793.
Package mdframed Info: mdframed works in twoside mode on input line 3797.
Package mdframed Info: mdframed detected package amsthm 
 changed the theorem header of amsthm
(mdframed)              on input line 3797.
Package mdframed Info: mdframed works in twoside mode on input line 3826.
Package mdframed Info: mdframed detected package amsthm 
 changed the theorem header of amsthm
(mdframed)              on input line 3826.


LaTeX Warning: Reference `eqn: L_sf function shift' on page 90 undefined on input line 3829.

[90]
Package mdframed Info: mdframed works in twoside mode on input line 3847.
Package mdframed Info: mdframed detected package amsthm 
 changed the theorem header of amsthm
(mdframed)              on input line 3847.
Package mdframed Info: mdframed works in twoside mode on input line 3852.
Package mdframed Info: mdframed detected package amsthm 
 changed the theorem header of amsthm
(mdframed)              on input line 3852.
Package mdframed Info: mdframed works in twoside mode on input line 3856.
Package mdframed Info: mdframed detected package amsthm 
 changed the theorem header of amsthm
(mdframed)              on input line 3856.
Package mdframed Info: mdframed works in twoside mode on input line 3868.
Package mdframed Info: mdframed detected package amsthm 
 changed the theorem header of amsthm
(mdframed)              on input line 3868.
Package mdframed Info: mdframed works in twoside mode on input line 3876.
Package mdframed Info: mdframed detected package amsthm 
 changed the theorem header of amsthm
(mdframed)              on input line 3876.
Package mdframed Info: mdframed works in twoside mode on input line 3886.
Package mdframed Info: mdframed detected package amsthm 
 changed the theorem header of amsthm
(mdframed)              on input line 3886.
Package mdframed Info: mdframed works in twoside mode on input line 3891.
Package mdframed Info: mdframed detected package amsthm 
 changed the theorem header of amsthm
(mdframed)              on input line 3891.
Package mdframed Info: mdframed works in twoside mode on input line 3896.
Package mdframed Info: mdframed detected package amsthm 
 changed the theorem header of amsthm
(mdframed)              on input line 3896.
 [91]
Package mdframed Info: mdframed works in twoside mode on input line 3909.
Package mdframed Info: mdframed detected package amsthm 
 changed the theorem header of amsthm
(mdframed)              on input line 3909.
 [92]
Overfull \hbox (6.04471pt too wide) in paragraph at lines 3922--3922
[]\T1/LinuxLibertineT-TLF/m/n/10.95 J. Bern-stein et al. \T1/LinuxLibertineT-TLF/m/it/10.95 An In-tro-duc-tion to the Lang-lands Pro-gram\T1/LinuxLibertineT-TLF/m/n/10.95 . Birkhäuser Boston, 2013. \T1/LinuxLibertineT-TLF/m/sc/10.95 isbn\T1/LinuxLibertineT-TLF/m/n/10.95 : 9780817682262. 
 []

LaTeX Font Info:    Trying to load font information for T1+LinuxLibertineMonoT-TLF on input line 3921.
(/usr/local/texlive/2023/texmf-dist/tex/latex/libertine/T1LinuxLibertineMonoT-TLF.fd
File: T1LinuxLibertineMonoT-TLF.fd 2019/05/20 (autoinst) Font definitions for T1/LinuxLibertineMonoT-TLF.
)
LaTeX Font Info:    Font shape `T1/LinuxLibertineMonoT-TLF/m/n' in size <10.95> not available
(Font)              Font shape `T1/LinuxLibertineMonoT-TLF/regular/n' tried instead on input line 3921.
LaTeX Font Info:    Font shape `T1/LinuxLibertineMonoT-TLF/regular/n' will be
(Font)              scaled to size 10.95pt on input line 3921.

Overfull \hbox (11.69566pt too wide) in paragraph at lines 3922--3922
\T1/LinuxLibertineT-TLF/m/n/10.95 senschaften. Springer Berlin Hei-del-berg, 2010. \T1/LinuxLibertineT-TLF/m/sc/10.95 isbn\T1/LinuxLibertineT-TLF/m/n/10.95 : 9783642084737. \T1/LinuxLibertineT-TLF/m/sc/10.95 url\T1/LinuxLibertineT-TLF/m/n/10.95 : [][]$\T1/LinuxLibertineMonoT-TLF/regular/n/10.95 https : / / books . google .
 []


Overfull \hbox (79.16359pt too wide) in paragraph at lines 3922--3922
[]\T1/LinuxLibertineT-TLF/m/n/10.95 J. Tate. ^^P  Fourier Anal-y-sis in Num-ber Fields and Hecke's Zeta Func-thttps://www.youtube.com/watch?v=nuoqby6kFrAion^^Q.
 []

[93

{/usr/local/texlive/2023/texmf-dist/fonts/enc/dvips/libertine/lbtn_dhi6qf.enc}] [94] (./ThesisNotes.aux)

LaTeX Warning: There were undefined references.

Package rerunfilecheck Info: File `ThesisNotes.out' has not changed.
(rerunfilecheck)             Checksum: 6F5799721057345AE025F91481224C80;6375.
Package logreq Info: Writing requests to 'ThesisNotes.run.xml'.
\openout1 = `ThesisNotes.run.xml'.

 ) 
Here is how much of TeX's memory you used:
 46843 strings out of 476025
 936409 string characters out of 5790017
 1888388 words of memory out of 5000000
 65881 multiletter control sequences out of 15000+600000
 717401 words of font info for 292 fonts, out of 8000000 for 9000
 1141 hyphenation exceptions out of 8191
 98i,18n,94p,1559b,1966s stack positions out of 10000i,1000n,20000p,200000b,200000s
</usr/local/texlive/2023/texmf-dist/fonts/type1/public/libertine/LinLibertineMT.pfb></usr/local/texlive/2023/texmf-dist/fonts/type1/public/libertine/LinLibertineT.pfb></usr/local/texlive/2023/texmf-dist/fonts/type1/public/libertine/LinLibertineTB.pfb></usr/local/texlive/2023/texmf-dist/fonts/type1/public/libertine/LinLibertineTBI.pfb></usr/local/texlive/2023/texmf-dist/fonts/type1/public/libertine/LinLibertineTI.pfb></usr/local/texlive/2023/texmf-dist/fonts/type1/public/amsfonts/cm/cmex10.pfb></usr/local/texlive/2023/texmf-dist/fonts/type1/public/amsfonts/cm/cmmi10.pfb></usr/local/texlive/2023/texmf-dist/fonts/type1/public/amsfonts/cm/cmr10.pfb></usr/local/texlive/2023/texmf-dist/fonts/type1/public/amsfonts/cm/cmsy10.pfb></usr/local/texlive/2023/texmf-dist/fonts/type1/public/amsfonts/euler/eufm10.pfb></usr/local/texlive/2023/texmf-dist/fonts/type1/public/mathpazo/fplmbb.pfb></usr/local/texlive/2023/texmf-dist/fonts/type1/public/mathpazo/fplmr.pfb></usr/local/texlive/2023/texmf-dist/fonts/type1/public/mathpazo/fplmri.pfb></usr/local/texlive/2023/texmf-dist/fonts/type1/public/amsfonts/symbols/msam10.pfb></usr/local/texlive/2023/texmf-dist/fonts/type1/public/amsfonts/symbols/msbm10.pfb></usr/local/texlive/2023/texmf-dist/fonts/type1/public/rsfs/rsfs10.pfb></usr/local/texlive/2023/texmf-dist/fonts/type1/public/rsfs/rsfs5.pfb></usr/local/texlive/2023/texmf-dist/fonts/type1/urw/palatino/uplb8a.pfb></usr/local/texlive/2023/texmf-dist/fonts/type1/urw/palatino/uplr8a.pfb></usr/local/texlive/2023/texmf-dist/fonts/type1/urw/palatino/uplri8a.pfb>
Output written on ThesisNotes.pdf (94 pages, 915864 bytes).
PDF statistics:
 1549 PDF objects out of 1728 (max. 8388607)
 1393 compressed objects within 14 object streams
 558 named destinations out of 1000 (max. 500000)
 250 words of extra memory for PDF output out of 10000 (max. 10000000)

